id,pipeline,user_input,retrieved_contexts,response,reference,faithfulness,answer_relevancy,context_precision,context_recall
RQ-001,agentic_rag,Vượt đèn đỏ đi xe máy phạt bao nhiêu tiền?,"['Văn bản: Nghị định 168/2024/NĐ-CP (Xử phạt VPHC đường bộ) | Điều 7: Xử phạt, trừ điểm giấy phép lái của người điều khiển xe mô tô, xe gắn máy, các loại xe tương tự xe mô tô và các loại xe tương tự xe gắn máy vi phạm quy tắc giao thông đường bộ\n7. **Phạt tiền từ 4.000.000 đồng đến 6.000.000 đồng** đối với người điều khiển xe thực hiện một trong các hành vi vi phạm sau đây:\nc) Không chấp hành hiệu lệnh của đèn tín hiệu giao thông', 'Văn bản: Nghị định 168/2024/NĐ-CP (Xử phạt VPHC đường bộ) | Điều 8: Xử phạt người điều khiển xe máy chuyên dùng vi phạm quy tắc giao thông đường bộ\n7. **Phạt tiền từ 6.000.000 đồng đến 8.000.000 đồng** đối với người điều khiển xe thực hiện một trong các hành vi vi phạm sau đây:\nc) Không chấp hành hiệu lệnh của đèn tín hiệu giao thông', 'Văn bản: Nghị định 168/2024/NĐ-CP (Xử phạt VPHC đường bộ) | Điều 14: Xử phạt, trừ điểm giấy phép lái xe của người điều khiển xe mô tô, xe gắn máy, các loại xe tương tự xe mô tô và các loại xe tương tự xe gắn máy vi phạm quy định về điều kiện của phương tiện khi tham gia giao thông\n5. Ngoài việc bị phạt tiền, người điều khiển xe thực hiện hành vi vi phạm còn bị áp dụng các hình thức xử phạt bổ sung sau đây:\na) Thực hiện hành vi quy định tại điểm a khoản 3 Điều này bị tịch thu biển số xe', 'Văn bản: Nghị định 168/2024/NĐ-CP (Xử phạt VPHC đường bộ) | Điều 14: Xử phạt, trừ điểm giấy phép lái xe của người điều khiển xe mô tô, xe gắn máy, các loại xe tương tự xe mô tô và các loại xe tương tự xe gắn máy vi phạm quy định về điều kiện của phương tiện khi tham gia giao thông\n5. Ngoài việc bị phạt tiền, người điều khiển xe thực hiện hành vi vi phạm còn bị áp dụng các hình thức xử phạt bổ sung sau đây:', 'Văn bản: Nghị định 168/2024/NĐ-CP (Xử phạt VPHC đường bộ) | Điều 7: Xử phạt, trừ điểm giấy phép lái của người điều khiển xe mô tô, xe gắn máy, các loại xe tương tự xe mô tô và các loại xe tương tự xe gắn máy vi phạm quy tắc giao thông đường bộ\n12. Ngoài việc bị áp dụng hình thức xử phạt chính, người điều khiển xe thực hiện hành vi vi phạm còn bị áp dụng các hình thức xử phạt bổ sung sau đây:\na) Thực hiện hành vi quy định tại điểm đ khoản 2 Điều này còn bị tịch thu thiết bị phát tín hiệu ưu tiên lắp đặt, sử dụng trái quy định']","### Trường hợp 1: Người điều khiển xe mô tô, xe gắn máy, các loại xe tương tự xe mô tô và các loại xe tương tự xe gắn máy
- Hành vi: Không chấp hành hiệu lệnh của đèn tín hiệu giao thông (vượt đèn đỏ).
- Mức phạt tiền: Từ **4.000.000 đồng** đến **6.000.000 đồng** [Điều 7, Khoản 7, Điểm c — NĐ 168/2024/NĐ-CP].
- Hình thức xử phạt bổ sung: Trừ **06 điểm** giấy phép lái xe [Điều 7, Khoản 13, Điểm c — NĐ 168/2024/NĐ-CP].

### Trường hợp 2: Người điều khiển xe máy chuyên dùng
- Hành vi: Không chấp hành hiệu lệnh của đèn tín hiệu giao thông (vượt đèn đỏ).
- Mức phạt tiền: Từ **6.000.000 đồng** đến **8.000.000 đồng** [Điều 8, Khoản 7, Điểm c — NĐ 168/2024/NĐ-CP].
- Lưu ý: Tài liệu không cung cấp thông tin về số điểm trừ giấy phép lái xe đối với hành vi này của xe máy chuyên dùng.","Người điều khiển xe mô tô, xe gắn máy vượt đèn đỏ (không chấp hành hiệu lệnh của đèn tín hiệu giao thông) bị phạt tiền từ 800.000 đồng đến 1.000.000 đồng và bị trừ 2 điểm giấy phép lái xe.",0.8333333333333334,,0.8874999999778125,0.0
RQ-002,agentic_rag,Nồng độ cồn mức 1 đối với ô tô phạt bao nhiêu?,"['Văn bản: Nghị định 168/2024/NĐ-CP (Xử phạt VPHC đường bộ) | Điều 7: Xử phạt, trừ điểm giấy phép lái của người điều khiển xe mô tô, xe gắn máy, các loại xe tương tự xe mô tô và các loại xe tương tự xe gắn máy vi phạm quy tắc giao thông đường bộ\n8. **Phạt tiền từ 6.000.000 đồng đến 8.000.000 đồng** đối với người điều khiển xe thực hiện một trong các hành vi vi phạm sau đây:\nb) Điều khiển xe trên đường mà trong máu hoặc hơi thở có nồng độ cồn vượt quá 50 miligam đến 80\nmiligam/100 mililít máu hoặc vượt quá 0,25 miligam đến 0,4 miligam/1 lít khí thở.', 'Văn bản: Nghị định 168/2024/NĐ-CP (Xử phạt VPHC đường bộ) | Điều 6: Xử phạt, trừ điểm giấy phép lái xe của người điều khiển xe ô tô, xe chở người bốn bánh có gắn động cơ, xe chở hàng bốn bánh có gắn động cơ và các loại xe tương tự xe ô tô vi phạm quy tắc giao thông đường bộ\n6. **Phạt tiền từ 6.000.000 đồng đến 8.000.000 đồng** đối với người điều khiển xe thực hiện một trong các hành vi vi phạm sau đây:\nc) Điều khiển xe trên đường mà trong máu hoặc hơi thở có nồng độ cồn nhưng chưa vượt quá 50\nmiligam/100 mililít máu hoặc chưa vượt quá 0,25 miligam/1 lít khí thở', 'Văn bản: Nghị định 168/2024/NĐ-CP (Xử phạt VPHC đường bộ) | Điều 7: Xử phạt, trừ điểm giấy phép lái của người điều khiển xe mô tô, xe gắn máy, các loại xe tương tự xe mô tô và các loại xe tương tự xe gắn máy vi phạm quy tắc giao thông đường bộ\n6. **Phạt tiền từ 2.000.000 đồng đến 3.000.000 đồng** đối với người điều khiển xe thực hiện một trong các hành vi vi phạm sau đây:\na) Điều khiển xe trên đường mà trong máu hoặc hơi thở có nồng độ cồn nhưng chưa vượt quá 50\nmiligam/100 mililít máu hoặc chưa vượt quá 0,25 miligam/1 lít khí thở', 'Văn bản: Nghị định 168/2024/NĐ-CP (Xử phạt VPHC đường bộ) | Điều 7: Xử phạt, trừ điểm giấy phép lái của người điều khiển xe mô tô, xe gắn máy, các loại xe tương tự xe mô tô và các loại xe tương tự xe gắn máy vi phạm quy tắc giao thông đường bộ\n9. **Phạt tiền từ 8.000.000 đồng đến 10.000.000 đồng** đối với người điều khiển xe thực hiện một trong các hành vi vi phạm sau đây:\nd) Điều khiển xe trên đường mà trong máu hoặc hơi thở có nồng độ cồn vượt quá 80 miligam/100 mililít máu hoặc vượt quá 0,4 miligam/1 lít khí thở', 'Văn bản: Nghị định 168/2024/NĐ-CP (Xử phạt VPHC đường bộ) | Điều 8: Xử phạt người điều khiển xe máy chuyên dùng vi phạm quy tắc giao thông đường bộ\n6. **Phạt tiền từ 3.000.000 đồng đến 5.000.000 đồng** đối với người điều khiển xe thực hiện một trong các hành vi vi phạm sau đây:\nc) Điều khiển xe trên đường mà trong máu hoặc hơi thở có nồng độ cồn nhưng chưa vượt quá 50\nmiligam/100 mililít máu hoặc chưa vượt quá 0,25 miligam/1 lít khí thở']","### Trường hợp 1: Nồng độ cồn chưa vượt quá 50 mg/100 ml máu hoặc 0,25 mg/l khí thở
- Mức phạt tiền: Từ **6.000.000 đồng** đến **8.000.000 đồng** [Điều 6, Khoản 6, Điểm c — NĐ 168/2024/NĐ-CP].
- Trừ điểm giấy phép lái xe: Bị trừ **04 điểm** [Điều 6, Khoản 16, Điểm b — NĐ 168/2024/NĐ-CP].

### Trường hợp 2: Nồng độ cồn vượt quá 50 mg đến 80 mg/100 ml máu hoặc vượt quá 0,25 mg đến 0,4 mg/l khí thở
- Mức phạt tiền: Tài liệu không quy định mức phạt tiền cụ thể cho hành vi này đối với xe ô tô trong các đoạn văn bản được cung cấp.
- Trừ điểm giấy phép lái xe: Tài liệu không quy định số điểm trừ cụ thể cho hành vi này đối với xe ô tô trong các đoạn văn bản được cung cấp.

### Trường hợp 3: Nồng độ cồn vượt quá 80 mg/100 ml máu hoặc vượt quá 0,4 mg/l khí thở
- Mức phạt tiền: Từ **30.000.000 đồng** đến **40.000.000 đồng** [Điều 6, Khoản 11, Điểm a — NĐ 168/2024/NĐ-CP].
- Trừ điểm giấy phép lái xe: Bị trừ **10 điểm** [Điều 6, Khoản 16, Điểm d — NĐ 168/2024/NĐ-CP].
- Hình thức xử phạt bổ sung: Bị tước quyền sử dụng giấy phép lái xe từ **22 tháng** đến **24 tháng** [Điều 6, Khoản 15, Điểm c — NĐ 168/2024/NĐ-CP].","Điều khiển xe ô tô trên đường mà trong máu hoặc hơi thở có nồng độ cồn nhưng chưa vượt quá 50 miligam/100 mililít máu hoặc chưa vượt quá 0,25 miligam/1 lít khí thở bị phạt tiền từ 6.000.000 đồng đến 8.000.000 đồng và bị trừ 10 điểm giấy phép lái xe.",0.2857142857142857,,0.999999999975,0.5
RQ-003,agentic_rag,Không đội mũ bảo hiểm bị phạt bao nhiêu?,"['Văn bản: Nghị định 168/2024/NĐ-CP (Xử phạt VPHC đường bộ) | Điều 7: Xử phạt, trừ điểm giấy phép lái của người điều khiển xe mô tô, xe gắn máy, các loại xe tương tự xe mô tô và các loại xe tương tự xe gắn máy vi phạm quy tắc giao thông đường bộ\n2. **Phạt tiền từ 400.000 đồng đến 600.000 đồng** đối với người điều khiển xe thực hiện một trong các hành vi vi phạm sau đây:\ni) Chở người ngồi trên xe không đội “mũ bảo hiểm cho người đi mô tô, xe máy” hoặc đội “mũ bảo hiểm cho người đi mô tô, xe máy” không cài quai đúng quy cách, trừ trường hợp chở người bệnh đi cấp cứu, trẻ em dưới 06 tuổi, áp giải người có hành vi vi phạm pháp luật', 'Văn bản: Nghị định 168/2024/NĐ-CP (Xử phạt VPHC đường bộ) | Điều 7: Xử phạt, trừ điểm giấy phép lái của người điều khiển xe mô tô, xe gắn máy, các loại xe tương tự xe mô tô và các loại xe tương tự xe gắn máy vi phạm quy tắc giao thông đường bộ\n2. **Phạt tiền từ 400.000 đồng đến 600.000 đồng** đối với người điều khiển xe thực hiện một trong các hành vi vi phạm sau đây:\nh) Không đội “mũ bảo hiểm cho người đi mô tô, xe máy” hoặc đội “mũ bảo hiểm cho người đi mô tô, xe máy” không cài quai đúng quy cách khi điều khiển xe tham gia giao thông trên đường bộ', 'Văn bản: Nghị định 168/2024/NĐ-CP (Xử phạt VPHC đường bộ) | Điều 12: Xử phạt, trừ điểm giấy phép lái xe các hành vi vi phạm khác về quy tắc giao thông đường bộ; sử dụng lòng đường, vỉa hè vào mục đích khác\n5. **Phạt tiền từ 400.000 đồng đến 600.000 đồng** đối với người được chở trên xe mô tô, xe gắn máy, các loại xe tương tự xe mô tô, các loại xe tương tự xe gắn máy thực hiện một trong các hành vi vi phạm sau đây:\nb) Không đội “mũ bảo hiểm cho người đi mô tô, xe máy” hoặc đội “mũ bảo hiểm cho người đi mô tô, xe máy” không cài quai đúng quy cách khi tham gia giao thông trên đường bộ.', 'Văn bản: Nghị định 168/2024/NĐ-CP (Xử phạt VPHC đường bộ) | Điều 9: Xử phạt người điều khiển xe đạp, xe đạp máy, người điều khiển xe thô sơ khác vi phạm quy tắc giao thông đường bộ\n4. **Phạt tiền từ 400.000 đồng đến 600.000 đồng** đối với người điều khiển xe thực hiện một trong các hành vi vi phạm sau đây:\nđ) Chở người ngồi trên xe đạp máy không đội “mũ bảo hiểm cho người đi mô tô, xe máy” hoặc đội “mũ bảo hiểm cho người đi mô tô, xe máy” không cài quai đúng quy cách, trừ trường hợp chở người bệnh đi\n\ncấp cứu, trẻ em dưới 06 tuổi, áp giải người có hành vi vi phạm pháp luật.', 'Văn bản: Nghị định 168/2024/NĐ-CP (Xử phạt VPHC đường bộ) | Điều 9: Xử phạt người điều khiển xe đạp, xe đạp máy, người điều khiển xe thô sơ khác vi phạm quy tắc giao thông đường bộ\n4. **Phạt tiền từ 400.000 đồng đến 600.000 đồng** đối với người điều khiển xe thực hiện một trong các hành vi vi phạm sau đây:\nd) Người điều khiển xe đạp máy không đội “mũ bảo hiểm cho người đi mô tô, xe máy” hoặc đội “mũ bảo hiểm cho người đi mô tô, xe máy” không cài quai đúng quy cách khi tham gia giao thông trên đường bộ']","Câu hỏi của bạn liên quan đến hành vi không đội mũ bảo hiểm khi tham gia giao thông bằng xe mô tô, xe gắn máy. Dưới đây là các trường hợp xử phạt theo Nghị định 168/2024/NĐ-CP:

### Trường hợp 1: Người điều khiển xe mô tô, xe gắn máy không đội mũ bảo hiểm
- Hành vi: Người điều khiển xe không đội “mũ bảo hiểm cho người đi mô tô, xe máy” hoặc đội mũ không cài quai đúng quy cách khi tham gia giao thông trên đường bộ.
- Mức phạt: Phạt tiền từ **400.000 đồng** đến **600.000 đồng** [Điều 7, Khoản 2, Điểm h — NĐ 168/2024/NĐ-CP].

### Trường hợp 2: Người điều khiển xe mô tô, xe gắn máy chở người không đội mũ bảo hiểm
- Hành vi: Người điều khiển xe chở người ngồi trên xe không đội “mũ bảo hiểm cho người đi mô tô, xe máy” hoặc đội mũ không cài quai đúng quy cách (trừ trường hợp chở người bệnh đi cấp cứu, trẻ em dưới 06 tuổi, áp giải người có hành vi vi phạm pháp luật).
- Mức phạt: Phạt tiền từ **400.000 đồng** đến **600.000 đồng** [Điều 7, Khoản 2, Điểm i — NĐ 168/2024/NĐ-CP].

### Trường hợp 3: Người được chở trên xe mô tô, xe gắn máy không đội mũ bảo hiểm
- Hành vi: Người được chở trên xe không đội “mũ bảo hiểm cho người đi mô tô, xe máy” hoặc đội mũ không cài quai đúng quy cách khi tham gia giao thông trên đường bộ.
- Mức phạt: Phạt tiền từ **400.000 đồng** đến **600.000 đồng** [Điều 12, Khoản 5, Điểm b — NĐ 168/2024/NĐ-CP].","Người điều khiển xe mô tô, xe gắn máy không đội 'mũ bảo hiểm cho người đi mô tô, xe máy' hoặc cài quai mũ không đúng quy cách bị phạt tiền từ 400.000 đồng đến 600.000 đồng.",1.0,,0.99999999998,1.0
RQ-004,agentic_rag,Đi xe máy vào đường cao tốc phạt bao nhiêu?,"['Văn bản: Nghị định 168/2024/NĐ-CP (Xử phạt VPHC đường bộ) | Điều 7: Xử phạt, trừ điểm giấy phép lái của người điều khiển xe mô tô, xe gắn máy, các loại xe tương tự xe mô tô và các loại xe tương tự xe gắn máy vi phạm quy tắc giao thông đường bộ\n7. **Phạt tiền từ 4.000.000 đồng đến 6.000.000 đồng** đối với người điều khiển xe thực hiện một trong các hành vi vi phạm sau đây:\nb) Điều khiển xe đi vào đường cao tốc, trừ xe phục vụ việc quản lý, bảo trì đường cao tốc', 'Văn bản: Nghị định 168/2024/NĐ-CP (Xử phạt VPHC đường bộ) | Điều 7: Xử phạt, trừ điểm giấy phép lái của người điều khiển xe mô tô, xe gắn máy, các loại xe tương tự xe mô tô và các loại xe tương tự xe gắn máy vi phạm quy tắc giao thông đường bộ\n10. **Phạt tiền từ 10.000.000 đồng đến 14.000.000 đồng** đối với người điều khiển xe thực hiện một trong các hành vi vi phạm sau đây:\na) Điều khiển xe không quan sát, giảm tốc độ hoặc dừng lại để bảo đảm an toàn theo quy định mà gây tai nạn giao thông; điều khiển xe chạy quá tốc độ quy định gây tai nạn giao thông; đi vào đường cao tốc, dừng xe, đỗ xe, quay đầu xe, lùi xe, vượt xe, chuyển hướng, chuyển làn đường không đúng quy định gây tai nạn giao thông; không đi đúng phần đường, làn đường, không giữ khoảng cách an toàn giữa hai xe theo quy định gây tai nạn giao thông hoặc đi vào đường có biển báo hiệu có nội dung cấm đi vào đối với loại phương tiện đang điều khiển, đi ngược chiều của đường một chiều, đi ngược chiều trên đường có biển “Cấm đi ngược chiều” gây tai nạn giao thông', 'Văn bản: Nghị định 168/2024/NĐ-CP (Xử phạt VPHC đường bộ) | Điều 7: Xử phạt, trừ điểm giấy phép lái của người điều khiển xe mô tô, xe gắn máy, các loại xe tương tự xe mô tô và các loại xe tương tự xe gắn máy vi phạm quy tắc giao thông đường bộ\n12. Ngoài việc bị áp dụng hình thức xử phạt chính, người điều khiển xe thực hiện hành vi vi phạm còn bị áp dụng các hình thức xử phạt bổ sung sau đây:\na) Thực hiện hành vi quy định tại điểm đ khoản 2 Điều này còn bị tịch thu thiết bị phát tín hiệu ưu tiên lắp đặt, sử dụng trái quy định', 'Văn bản: Nghị định 168/2024/NĐ-CP (Xử phạt VPHC đường bộ) | Điều 7: Xử phạt, trừ điểm giấy phép lái của người điều khiển xe mô tô, xe gắn máy, các loại xe tương tự xe mô tô và các loại xe tương tự xe gắn máy vi phạm quy tắc giao thông đường bộ\n12. Ngoài việc bị áp dụng hình thức xử phạt chính, người điều khiển xe thực hiện hành vi vi phạm còn bị áp dụng các hình thức xử phạt bổ sung sau đây:\nc) Thực hiện hành vi quy định tại điểm d, điểm đ, điểm e, điểm g khoản 9; khoản 11 Điều này bị **tước quyền sử dụng giấy phép lái xe từ 22 tháng đến 24 tháng**.', 'Văn bản: Nghị định 168/2024/NĐ-CP (Xử phạt VPHC đường bộ) | Điều 7: Xử phạt, trừ điểm giấy phép lái của người điều khiển xe mô tô, xe gắn máy, các loại xe tương tự xe mô tô và các loại xe tương tự xe gắn máy vi phạm quy tắc giao thông đường bộ\n11. Tịch thu phương tiện đối với người điều khiển xe thực hiện một trong các hành vi vi phạm sau đây:']","Câu hỏi của bạn liên quan đến hành vi điều khiển xe mô tô, xe gắn máy đi vào đường cao tốc. Theo Nghị định 168/2024/NĐ-CP, có 02 trường hợp xử phạt cụ thể như sau:

### Trường hợp 1: Điều khiển xe đi vào đường cao tốc (trường hợp thông thường)
- Mức phạt tiền: Từ **4.000.000 đồng** đến **6.000.000 đồng**.
- Hình thức xử phạt bổ sung: Trừ **06 điểm** giấy phép lái xe.
- Căn cứ pháp lý: [Điều 7, Khoản 7, Điểm b — NĐ 168/2024/NĐ-CP] và [Điều 7, Khoản 13, Điểm c — NĐ 168/2024/NĐ-CP].

### Trường hợp 2: Điều khiển xe đi vào đường cao tốc gây tai nạn giao thông
- Mức phạt tiền: Từ **10.000.000 đồng** đến **14.000.000 đồng**.
- Hình thức xử phạt bổ sung: Trừ **10 điểm** giấy phép lái xe.
- Căn cứ pháp lý: [Điều 7, Khoản 10, Điểm a — NĐ 168/2024/NĐ-CP] và [Điều 7, Khoản 13, Điểm d — NĐ 168/2024/NĐ-CP].","Người điều khiển xe mô tô, xe gắn máy đi vào đường cao tốc (trừ xe phục vụ quản lý, bảo trì đường cao tốc) bị phạt tiền từ 2.000.000 đồng đến 3.000.000 đồng và bị trừ 4 điểm giấy phép lái xe.",0.2857142857142857,,0.6791666666496875,0.0
RQ-005,agentic_rag,Bấm còi trong đô thị từ 22 giờ đến 5 giờ sáng bị phạt thế nào?,"['Văn bản: Nghị định 168/2024/NĐ-CP (Xử phạt VPHC đường bộ) | Điều 7: Xử phạt, trừ điểm giấy phép lái của người điều khiển xe mô tô, xe gắn máy, các loại xe tương tự xe mô tô và các loại xe tương tự xe gắn máy vi phạm quy tắc giao thông đường bộ\n1. **Phạt tiền từ 200.000 đồng đến 400.000 đồng** đối với người điều khiển xe thực hiện một trong các hành vi vi phạm sau đây:\ni) Sử dụng còi trong thời gian từ 22 giờ ngày hôm trước đến 05 giờ ngày hôm sau trong khu đông dân cư, khu vực cơ sở khám bệnh, chữa bệnh, trừ các xe ưu tiên đang đi làm nhiệm vụ theo quy định', 'Văn bản: Nghị định 168/2024/NĐ-CP (Xử phạt VPHC đường bộ) | Điều 6: Xử phạt, trừ điểm giấy phép lái xe của người điều khiển xe ô tô, xe chở người bốn bánh có gắn động cơ, xe chở hàng bốn bánh có gắn động cơ và các loại xe tương tự xe ô tô vi phạm quy tắc giao thông đường bộ\n1. **Phạt tiền từ 400.000 đồng đến 600.000 đồng** đối với người điều khiển xe thực hiện một trong các hành vi vi phạm sau đây:\nđ) Sử dụng còi trong thời gian từ 22 giờ ngày hôm trước đến 05 giờ ngày hôm sau trong khu đông dân cư, khu vực cơ sở khám bệnh, chữa bệnh, trừ các xe ưu tiên đang đi làm nhiệm vụ theo quy định.', 'Văn bản: Nghị định 168/2024/NĐ-CP (Xử phạt VPHC đường bộ) | Điều 7: Xử phạt, trừ điểm giấy phép lái của người điều khiển xe mô tô, xe gắn máy, các loại xe tương tự xe mô tô và các loại xe tương tự xe gắn máy vi phạm quy tắc giao thông đường bộ\n1. **Phạt tiền từ 200.000 đồng đến 400.000 đồng** đối với người điều khiển xe thực hiện một trong các hành vi vi phạm sau đây:\ng) Không sử dụng đèn chiếu sáng trong thời gian từ 18 giờ ngày hôm trước đến 06 giờ ngày hôm sau hoặc khi có sương mù, khói, bụi, trời mưa, thời tiết xấu làm hạn chế tầm nhìn', 'Văn bản: Nghị định 168/2024/NĐ-CP (Xử phạt VPHC đường bộ) | Điều 6: Xử phạt, trừ điểm giấy phép lái xe của người điều khiển xe ô tô, xe chở người bốn bánh có gắn động cơ, xe chở hàng bốn bánh có gắn động cơ và các loại xe tương tự xe ô tô vi phạm quy tắc giao thông đường bộ\n3. **Phạt tiền từ 800.000 đồng đến 1.000.000 đồng** đối với người điều khiển xe thực hiện một trong các hành vi vi phạm sau đây:\nb) Sử dụng còi, rú ga liên tục; sử dụng còi hơi, sử dụng đèn chiếu xa khi gặp người đi bộ qua đường hoặc khi đi trên đoạn đường qua khu dân cư có hệ thống chiếu sáng đang hoạt động hoặc khi gặp xe đi ngược chiều (trừ trường hợp dải phân cách có khả năng chống chói) hoặc khi chuyển hướng xe tại nơi đường giao nhau, trừ các xe ưu tiên đang đi làm nhiệm vụ theo quy định', 'Văn bản: Nghị định 168/2024/NĐ-CP (Xử phạt VPHC đường bộ) | Điều 6: Xử phạt, trừ điểm giấy phép lái xe của người điều khiển xe ô tô, xe chở người bốn bánh có gắn động cơ, xe chở hàng bốn bánh có gắn động cơ và các loại xe tương tự xe ô tô vi phạm quy tắc giao thông đường bộ\n3. **Phạt tiền từ 800.000 đồng đến 1.000.000 đồng** đối với người điều khiển xe thực hiện một trong các hành vi vi phạm sau đây:\ng) Không sử dụng hoặc sử dụng không đủ đèn chiếu sáng trong thời gian từ 18 giờ ngày hôm trước đến\n06 giờ ngày hôm sau hoặc khi có sương mù, khói, bụi, trời mưa, thời tiết xấu làm hạn chế tầm nhìn']","Câu hỏi của bạn liên quan đến hành vi sử dụng còi trong thời gian từ 22 giờ ngày hôm trước đến 05 giờ ngày hôm sau trong khu đông dân cư, khu vực cơ sở khám bệnh, chữa bệnh. Dưới đây là các trường hợp xử phạt theo Nghị định 168/2024/NĐ-CP:

### Trường hợp 1: Đối với xe mô tô, xe gắn máy và các loại xe tương tự
- Hành vi: Sử dụng còi trong thời gian từ 22 giờ ngày hôm trước đến 05 giờ ngày hôm sau trong khu đông dân cư, khu vực cơ sở khám bệnh, chữa bệnh (trừ xe ưu tiên).
- Mức phạt: Phạt tiền từ **200.000 đồng** đến **400.000 đồng** [Điều 7, Khoản 1, Điểm i — NĐ 168/2024/NĐ-CP].

### Trường hợp 2: Đối với xe ô tô, xe chở người/hàng bốn bánh có gắn động cơ và các loại xe tương tự
- Hành vi: Sử dụng còi trong thời gian từ 22 giờ ngày hôm trước đến 05 giờ ngày hôm sau trong khu đông dân cư, khu vực cơ sở khám bệnh, chữa bệnh (trừ xe ưu tiên).
- Mức phạt: Phạt tiền từ **400.000 đồng** đến **600.000 đồng** [Điều 6, Khoản 1, Điểm đ — NĐ 168/2024/NĐ-CP].

*Lưu ý: Tài liệu được cung cấp không quy định việc trừ điểm giấy phép lái xe đối với các hành vi nêu trên.*","Bấm còi trong đô thị và khu đông dân cư trong thời gian từ 22 giờ ngày hôm trước đến 05 giờ ngày hôm sau (trừ xe ưu tiên) bị phạt tiền từ 400.000 đồng đến 600.000 đồng đối với ô tô, và 100.000 đồng đến 200.000 đồng đối với xe máy.",0.7272727272727273,,0.9166666666361111,0.5
RQ-006,agentic_rag,Vượt đèn đỏ và không mang bằng lái xe máy thì bị phạt tổng cộng bao nhiêu?,"['Văn bản: Nghị định 168/2024/NĐ-CP (Xử phạt VPHC đường bộ) | Điều 7: Xử phạt, trừ điểm giấy phép lái của người điều khiển xe mô tô, xe gắn máy, các loại xe tương tự xe mô tô và các loại xe tương tự xe gắn máy vi phạm quy tắc giao thông đường bộ\n7. **Phạt tiền từ 4.000.000 đồng đến 6.000.000 đồng** đối với người điều khiển xe thực hiện một trong các hành vi vi phạm sau đây:\nc) Không chấp hành hiệu lệnh của đèn tín hiệu giao thông', 'Văn bản: Nghị định 168/2024/NĐ-CP (Xử phạt VPHC đường bộ) | Điều 8: Xử phạt người điều khiển xe máy chuyên dùng vi phạm quy tắc giao thông đường bộ\n7. **Phạt tiền từ 6.000.000 đồng đến 8.000.000 đồng** đối với người điều khiển xe thực hiện một trong các hành vi vi phạm sau đây:\nc) Không chấp hành hiệu lệnh của đèn tín hiệu giao thông', 'Văn bản: Nghị định 168/2024/NĐ-CP (Xử phạt VPHC đường bộ) | Điều 14: Xử phạt, trừ điểm giấy phép lái xe của người điều khiển xe mô tô, xe gắn máy, các loại xe tương tự xe mô tô và các loại xe tương tự xe gắn máy vi phạm quy định về điều kiện của phương tiện khi tham gia giao thông\n1. **Phạt tiền từ 400.000 đồng đến 600.000 đồng** đối với một trong các hành vi vi phạm sau đây:\nb) Điều khiển xe không có đèn tín hiệu hoặc có nhưng không có tác dụng', 'Văn bản: Nghị định 168/2024/NĐ-CP (Xử phạt VPHC đường bộ) | Điều 7: Xử phạt, trừ điểm giấy phép lái của người điều khiển xe mô tô, xe gắn máy, các loại xe tương tự xe mô tô và các loại xe tương tự xe gắn máy vi phạm quy tắc giao thông đường bộ\n1. **Phạt tiền từ 200.000 đồng đến 400.000 đồng** đối với người điều khiển xe thực hiện một trong các hành vi vi phạm sau đây:\na) Không chấp hành hiệu lệnh, chỉ dẫn của biển báo hiệu, vạch kẻ đường, trừ các hành vi vi phạm quy định tại điểm b, điểm d, điểm e khoản 2; điểm a, điểm c, điểm d, điểm h khoản 3; điểm a, điểm b, điểm c, điểm d khoản 4; điểm b, điểm d khoản 6; điểm a, điểm b, điểm c khoản 7; điểm a khoản 8; điểm b khoản 9; điểm a khoản 10 Điều này', 'Văn bản: Nghị định 168/2024/NĐ-CP (Xử phạt VPHC đường bộ) | Điều 7: Xử phạt, trừ điểm giấy phép lái của người điều khiển xe mô tô, xe gắn máy, các loại xe tương tự xe mô tô và các loại xe tương tự xe gắn máy vi phạm quy tắc giao thông đường bộ\n3. **Phạt tiền từ 600.000 đồng đến 800.000 đồng** đối với người điều khiển xe thực hiện một trong các hành vi vi phạm sau đây:\na) Chuyển hướng không quan sát hoặc không bảo đảm khoảng cách an toàn với xe phía sau hoặc không giảm tốc độ hoặc không có tín hiệu báo hướng rẽ hoặc có tín hiệu báo hướng rẽ nhưng không sử dụng liên tục trong quá trình chuyển hướng (trừ trường hợp điều khiển xe đi theo hướng cong của đoạn đường bộ ở nơi đường không giao nhau cùng mức); điều khiển xe rẽ trái tại nơi có biển báo hiệu có nội dung cấm rẽ trái đối với loại phương tiện đang điều khiển; điều khiển xe rẽ phải tại nơi có biển báo hiệu có nội dung cấm rẽ phải đối với loại phương tiện đang điều khiển']","Câu hỏi của bạn liên quan đến hai hành vi vi phạm khác nhau khi điều khiển xe mô tô, xe gắn máy. Dưới đây là mức xử phạt cụ thể cho từng hành vi theo quy định tại Nghị định 168/2024/NĐ-CP:

### Trường hợp 1: Hành vi không chấp hành hiệu lệnh của đèn tín hiệu giao thông (vượt đèn đỏ)
- Mức phạt tiền: Từ **4.000.000 đồng** đến **6.000.000 đồng** [Điều 7, Khoản 7, Điểm c — NĐ 168/2024/NĐ-CP].
- Hình thức xử phạt bổ sung: Bị trừ **02 điểm** giấy phép lái xe [Điều 7, Khoản 13, Điểm a — NĐ 168/2024/NĐ-CP].

### Trường hợp 2: Hành vi không mang theo giấy phép lái xe
- Thông tin này không có trong tài liệu được cung cấp.

**Lưu ý:** Tài liệu hiện tại chỉ cung cấp quy định xử phạt đối với hành vi ""không chấp hành hiệu lệnh của đèn tín hiệu giao thông"". Đối với hành vi ""không mang theo giấy phép lái xe"", tài liệu được cung cấp không chứa thông tin về mức phạt tiền hoặc hình thức xử phạt cho hành vi này.",Hành vi vượt đèn đỏ bị phạt từ 800.000 - 1.000.000 đồng (trừ 2 điểm GPLX). Hành vi không mang theo Giấy phép lái xe bị phạt từ 100.000 - 200.000 đồng. Tổng cộng mức phạt dao động từ 900.000 đồng đến 1.200.000 đồng.,0.5,,0.99999999998,0.0
RQ-007,agentic_rag,Xe máy chở 3 người và không đội mũ bảo hiểm bị phạt thế nào?,"['Văn bản: Nghị định 168/2024/NĐ-CP (Xử phạt VPHC đường bộ) | Điều 7: Xử phạt, trừ điểm giấy phép lái của người điều khiển xe mô tô, xe gắn máy, các loại xe tương tự xe mô tô và các loại xe tương tự xe gắn máy vi phạm quy tắc giao thông đường bộ\n3. **Phạt tiền từ 600.000 đồng đến 800.000 đồng** đối với người điều khiển xe thực hiện một trong các hành vi vi phạm sau đây:\nb) Chở theo từ 03 người trở lên trên xe', 'Văn bản: Nghị định 168/2024/NĐ-CP (Xử phạt VPHC đường bộ) | Điều 7: Xử phạt, trừ điểm giấy phép lái của người điều khiển xe mô tô, xe gắn máy, các loại xe tương tự xe mô tô và các loại xe tương tự xe gắn máy vi phạm quy tắc giao thông đường bộ\n13. Ngoài việc bị áp dụng hình thức xử phạt, người điều khiển xe thực hiện hành vi vi phạm còn bị trừ điểm giấy phép lái xe như sau:\nc) Thực hiện hành vi quy định tại điểm b khoản 7, điểm c khoản 9 Điều này bị trừ điểm giấy phép lái xe\n06 điểm', 'Văn bản: Nghị định 168/2024/NĐ-CP (Xử phạt VPHC đường bộ) | Điều 7: Xử phạt, trừ điểm giấy phép lái của người điều khiển xe mô tô, xe gắn máy, các loại xe tương tự xe mô tô và các loại xe tương tự xe gắn máy vi phạm quy tắc giao thông đường bộ\n2. **Phạt tiền từ 400.000 đồng đến 600.000 đồng** đối với người điều khiển xe thực hiện một trong các hành vi vi phạm sau đây:\nh) Không đội “mũ bảo hiểm cho người đi mô tô, xe máy” hoặc đội “mũ bảo hiểm cho người đi mô tô, xe máy” không cài quai đúng quy cách khi điều khiển xe tham gia giao thông trên đường bộ', 'Văn bản: Nghị định 168/2024/NĐ-CP (Xử phạt VPHC đường bộ) | Điều 7: Xử phạt, trừ điểm giấy phép lái của người điều khiển xe mô tô, xe gắn máy, các loại xe tương tự xe mô tô và các loại xe tương tự xe gắn máy vi phạm quy tắc giao thông đường bộ\n2. **Phạt tiền từ 400.000 đồng đến 600.000 đồng** đối với người điều khiển xe thực hiện một trong các hành vi vi phạm sau đây:\ni) Chở người ngồi trên xe không đội “mũ bảo hiểm cho người đi mô tô, xe máy” hoặc đội “mũ bảo hiểm cho người đi mô tô, xe máy” không cài quai đúng quy cách, trừ trường hợp chở người bệnh đi cấp cứu, trẻ em dưới 06 tuổi, áp giải người có hành vi vi phạm pháp luật', 'Văn bản: Nghị định 168/2024/NĐ-CP (Xử phạt VPHC đường bộ) | Điều 7: Xử phạt, trừ điểm giấy phép lái của người điều khiển xe mô tô, xe gắn máy, các loại xe tương tự xe mô tô và các loại xe tương tự xe gắn máy vi phạm quy tắc giao thông đường bộ\n11. Tịch thu phương tiện đối với người điều khiển xe thực hiện một trong các hành vi vi phạm sau đây:']","### Mức phạt đối với xe mô tô, xe gắn máy chở 3 người và không đội mũ bảo hiểm

Đối với người điều khiển xe mô tô, xe gắn máy thực hiện các hành vi vi phạm nêu trên, mức xử phạt cụ thể như sau:

- **Hành vi chở theo từ 03 người trở lên trên xe:**
    - Phạt tiền từ **600.000 đồng** đến **800.000 đồng** [Điều 7, Khoản 3, Điểm b — NĐ 168/2024/NĐ-CP].
    - Bị trừ **06 điểm** giấy phép lái xe [Điều 7, Khoản 13, Điểm c — NĐ 168/2024/NĐ-CP].

- **Hành vi không đội “mũ bảo hiểm cho người đi mô tô, xe máy” hoặc đội mũ không cài quai đúng quy cách:**
    - Phạt tiền từ **400.000 đồng** đến **600.000 đồng** [Điều 7, Khoản 2, Điểm h — NĐ 168/2024/NĐ-CP].

- **Hành vi chở người ngồi trên xe không đội “mũ bảo hiểm cho người đi mô tô, xe máy” hoặc đội mũ không cài quai đúng quy cách:**
    - Phạt tiền từ **400.000 đồng** đến **600.000 đồng** [Điều 7, Khoản 2, Điểm i — NĐ 168/2024/NĐ-CP].

*Lưu ý: Các mức phạt trên được áp dụng riêng biệt cho từng hành vi vi phạm.*","Chở theo 02 người trên xe (tổng 3 người) bị phạt từ 300.000 - 400.000 đồng. Không đội mũ bảo hiểm bị phạt từ 400.000 - 600.000 đồng. Nếu cả người điều khiển và người ngồi sau đều không đội mũ, mức phạt sẽ tăng tương ứng.",0.8,,0.99999999998,0.3333333333333333
RQ-008,agentic_rag,Hạng B1 và B2 theo luật mới 2024 thay đổi như thế nào?,"['Văn bản: Luật Trật tự ATGT đường bộ 2024 | Điều 89: Quy định chuyển tiếp\n3. Trường hợp người có giấy phép lái xe đã được cấp trước ngày Luật này có hiệu lực thi hành có nhu cầu đổi, cấp lại giấy phép lái xe thì thực hiện như sau:\ne) Giấy phép lái xe hạng B1, B2 được đổi, cấp lại sang giấy phép lái xe hạng B hoặc hạng C1 và chứng chỉ điều khiển xe máy chuyên dùng cho người điều khiển máy kéo có trọng tải đến 3.500 kg', 'Văn bản: Luật Trật tự ATGT đường bộ 2024 | Điều 89: Quy định chuyển tiếp\n2. Giấy phép lái xe được cấp trước ngày Luật này có hiệu lực thi hành nếu chưa thực hiện đổi, cấp lại theo quy định của Luật này có hiệu lực sử dụng như sau:\ni) Giấy phép lái xe hạng D được tiếp tục điều khiển xe ô tô chở người từ 09 chỗ (không kể chỗ của người lái xe) đến 29 chỗ (không kể chỗ của người lái xe) và các loại xe quy định cho các giấy phép lái xe hạng\nB1, B2, C quy định tại các điểm đ, e, g và h khoản này', 'Văn bản: Luật Trật tự ATGT đường bộ 2024 | Điều 89: Quy định chuyển tiếp\n2. Giấy phép lái xe được cấp trước ngày Luật này có hiệu lực thi hành nếu chưa thực hiện đổi, cấp lại theo quy định của Luật này có hiệu lực sử dụng như sau:\nk) Giấy phép lái xe hạng E được tiếp tục điều khiển xe ô tô chở người trên 29 chỗ (không kể chỗ của người lái xe) và các loại xe quy định cho các giấy phép lái xe hạng B1, B2, C, D quy định tại các điểm đ, e, g, h và i khoản này', 'Văn bản: Luật Trật tự ATGT đường bộ 2024 | Điều 89: Quy định chuyển tiếp\n2. Giấy phép lái xe được cấp trước ngày Luật này có hiệu lực thi hành nếu chưa thực hiện đổi, cấp lại theo quy định của Luật này có hiệu lực sử dụng như sau:\nh) Giấy phép lái xe hạng C được tiếp tục điều khiển xe ô tô tải, máy kéo có trọng tải từ 3.500 kg trở lên và các loại xe quy định cho các giấy phép lái xe hạng B1, B2 quy định tại các điểm đ, e và g khoản này', 'Văn bản: Luật Trật tự ATGT đường bộ 2024 | Điều 89: Quy định chuyển tiếp\n3. Trường hợp người có giấy phép lái xe đã được cấp trước ngày Luật này có hiệu lực thi hành có nhu cầu đổi, cấp lại giấy phép lái xe thì thực hiện như sau:\nc) Giấy phép lái xe hạng A3 được đổi, cấp lại sang giấy phép lái xe hạng B1']","Theo Luật Trật tự, an toàn giao thông đường bộ 2024, các giấy phép lái xe (GPLX) hạng B1 và B2 được cấp trước ngày Luật có hiệu lực vẫn được tiếp tục sử dụng theo thời hạn ghi trên giấy phép [Điều 89, Khoản 1 — Luật 36/2024/QH15]. Khi người dân có nhu cầu đổi hoặc cấp lại, các hạng này sẽ được chuyển đổi như sau:

### 1. Đối với GPLX hạng B1
- **Hạng B1 số tự động:** Được đổi, cấp lại sang GPLX hạng **B** với điều kiện hạn chế là chỉ được điều khiển xe ô tô số tự động [Điều 89, Khoản 3, Điểm đ — Luật 36/2024/QH15].
- **Hạng B1 (cấp cho người không hành nghề lái xe):** Được đổi, cấp lại sang GPLX hạng **B** hoặc hạng **C1** và chứng chỉ điều khiển xe máy chuyên dùng cho người điều khiển máy kéo có trọng tải đến **3.500 kg** [Điều 89, Khoản 3, Điểm e — Luật 36/2024/QH15].

### 2. Đối với GPLX hạng B2
- **Hạng B2:** Được đổi, cấp lại sang GPLX hạng **B** hoặc hạng **C1** và chứng chỉ điều khiển xe máy chuyên dùng cho người điều khiển máy kéo có trọng tải đến **3.500 kg** [Điều 89, Khoản 3, Điểm e — Luật 36/2024/QH15].

### 3. Hiệu lực sử dụng trước khi đổi
Trong thời gian chưa thực hiện đổi, cấp lại, các hạng GPLX này vẫn có giá trị sử dụng với phạm vi điều khiển như sau:
- **Hạng B1 số tự động:** Tiếp tục điều khiển xe ô tô số tự động chở người đến **08 chỗ**; xe ô tô tải, kể cả ô tô tải chuyên dùng số tự động có trọng tải dưới **3.500 kg** [Điều 89, Khoản 2, Điểm đ — Luật 36/2024/QH15].
- **Hạng B1:** Tiếp tục điều khiển xe ô tô chở người đến **08 chỗ**; xe ô tô tải, máy kéo có trọng tải dưới **3.500 kg** [Điều 89, Khoản 2, Điểm e — Luật 36/2024/QH15].
- **Hạng B2:** Tiếp tục điều khiển xe ô tô chở người đến **08 chỗ**; xe ô tô tải, máy kéo có trọng tải dưới **3.500 kg** [Điều 89, Khoản 2, Điểm g — Luật 36/2024/QH15].","Theo Luật Trật tự, an toàn giao thông đường bộ 2024, các hạng Giấy phép lái xe cũ như B1, B2 sẽ được quy định lại. Cụ thể hạng B1, B2 sẽ được gộp/chuyển đổi thành hạng B (cấp cho người điều khiển xe ô tô chở người đến 08 chỗ; xe ô tô tải có khối lượng toàn bộ đến 3.500 kg).",0.5714285714285714,,0.99999999998,1.0
RQ-009,agentic_rag,Độ tuổi lái xe máy 50cc và trên 125cc quy định thế nào?,"['Văn bản: Luật Trật tự ATGT đường bộ 2024 | Điều 59: Tuổi, sức khỏe của người điều khiển phương tiện tham gia giao thông đường bộ\n## Điều 59. Tuổi, sức khỏe của người điều khiển phương tiện tham gia giao thông đường bộ\n1. Độ tuổi của người lái xe, người điều khiển xe máy chuyên dùng được quy định như sau:\na) Người đủ 16 tuổi trở lên được điều khiển xe gắn máy; b) Người đủ 18 tuổi trở lên được cấp giấy phép lái xe hạng A1, A, B1, B, C1, được cấp chứng chỉ bồi dưỡng kiến thức pháp luật về giao thông đường bộ để điều khiển xe máy chuyên dùng tham gia giao thông đường bộ; c) Người đủ 21 tuổi trở lên được cấp giấy phép lái xe hạng C, BE; d) Người đủ 24 tuổi trở lên được cấp giấy phép lái xe hạng D1, D2, C1E, CE; đ) Người đủ 27 tuổi trở lên được cấp giấy phép lái xe hạng D, D1E, D2E, DE; e) Tuổi tối đa của người lái xe ô tô chở người (kể cả xe buýt) trên 29 chỗ (không kể chỗ của người lái xe), xe ô tô chở người giường nằm là đủ 57 tuổi đối với nam, đủ 55 tuổi đối với nữ.\n\n2. Người điều khiển phương tiện tham gia giao thông đường bộ phải bảo đảm điều kiện sức khỏe phù hợp với từng loại phương tiện được phép điều khiển. Bộ trưởng Bộ Y tế quy định về tiêu chuẩn sức khỏe, việc khám sức khỏe đối với người lái xe, người điều khiển xe máy chuyên dùng; việc khám sức khỏe định kỳ đối với người hành nghề lái xe ô tô; xây dựng cơ sở dữ liệu về sức khỏe của người lái xe, người điều khiển xe máy chuyên dùng.\n3. Bộ trưởng Bộ Quốc phòng, Bộ trưởng Bộ Công an quy định độ tuổi của người lái xe trong lực lượng quân đội, công an làm nhiệm vụ quốc phòng, an ninh.', 'Văn bản: Luật Trật tự ATGT đường bộ 2024 | Điều 56: Điều kiện của người điều khiển phương tiện tham gia giao thông đường bộ\n4. Người lái xe gắn máy tham gia giao thông đường bộ phải hiểu biết quy tắc giao thông đường bộ, có kỹ năng điều khiển phương tiện; đủ điều kiện về độ tuổi, sức khỏe theo quy định tại điểm a khoản 1 và khoản 2 Điều 59 của Luật này.', 'Văn bản: Luật Trật tự ATGT đường bộ 2024 | Điều 56: Điều kiện của người điều khiển phương tiện tham gia giao thông đường bộ\n2. Người điều khiển xe máy chuyên dùng tham gia giao thông đường bộ phải đủ tuổi, sức khỏe theo quy định của pháp luật; có bằng hoặc chứng chỉ điều khiển xe máy chuyên dùng phù hợp loại xe máy chuyên dùng đang điều khiển; có giấy phép lái xe đang còn điểm, còn hiệu lực hoặc chứng chỉ bồi dưỡng kiến thức pháp luật về giao thông đường bộ. Khi tham gia giao thông đường bộ, người điều khiển xe máy chuyên dùng phải mang theo các loại giấy tờ sau đây:\na) Chứng nhận đăng ký xe hoặc bản sao Chứng nhận đăng ký xe có chứng thực kèm bản gốc Giấy biên nhận còn hiệu lực của tổ chức tín dụng, chi nhánh ngân hàng nước ngoài trong trường hợp xe đang được thế chấp tại tổ chức tín dụng, chi nhánh ngân hàng nước ngoài; b) Bằng hoặc chứng chỉ điều khiển xe máy chuyên dùng; c) Giấy phép lái xe hoặc chứng chỉ bồi dưỡng kiến thức pháp luật về giao thông đường bộ; d) Chứng nhận kiểm định an toàn kỹ thuật và bảo vệ môi trường đối với xe máy chuyên dùng theo quy định của pháp luật; đ) Chứng nhận bảo hiểm bắt buộc trách nhiệm dân sự theo quy định của pháp luật.', 'Văn bản: Luật Trật tự ATGT đường bộ 2024 | Điều 56: Điều kiện của người điều khiển phương tiện tham gia giao thông đường bộ\n1. Người lái xe tham gia giao thông đường bộ phải đủ tuổi, sức khỏe theo quy định của pháp luật; có giấy phép lái xe đang còn điểm, còn hiệu lực phù hợp với loại xe đang điều khiển do cơ quan có thẩm quyền cấp, trừ người lái xe gắn máy quy định tại khoản 4 Điều này. Khi tham gia giao thông đường bộ, người lái xe phải mang theo các giấy tờ sau đây:\na) Chứng nhận đăng ký xe hoặc bản sao Chứng nhận đăng ký xe có chứng thực kèm bản gốc giấy tờ xác nhận của tổ chức tín dụng, chi nhánh ngân hàng nước ngoài còn hiệu lực trong trường hợp xe đang được thế chấp tại tổ chức tín dụng, chi nhánh ngân hàng nước ngoài; b) Giấy phép lái xe phù hợp với loại xe đang điều khiển; c) Chứng nhận kiểm định an toàn kỹ thuật và bảo vệ môi trường đối với xe cơ giới theo quy định của pháp luật; d) Chứng nhận bảo hiểm bắt buộc trách nhiệm dân sự của chủ xe cơ giới.', 'Văn bản: Nghị định 168/2024/NĐ-CP (Xử phạt VPHC đường bộ) | Điều 18: Xử phạt, trừ điểm giấy phép lái xe các hành vi vi phạm quy định về điều kiện của người điều khiển xe cơ giới\n4. **Phạt tiền từ 400.000 đồng đến 600.000 đồng** đối với một trong các hành vi vi phạm sau đây:\na) Người từ đủ 16 tuổi đến dưới 18 tuổi điều khiển xe mô tô có dung tích xi-lanh từ 50 cm trở lên hoặc có công suất động cơ điện từ 04 kW trở lên']","### Độ tuổi điều khiển phương tiện

- **Xe gắn máy:** Người từ đủ **16 tuổi** trở lên được điều khiển xe gắn máy [Điều 59, Khoản 1, Điểm a — Luật Trật tự ATGT đường bộ 2024].

Thông tin về độ tuổi tối thiểu cụ thể cho xe mô tô trên 125cc không có trong tài liệu được cung cấp.",Người đủ 16 tuổi trở lên được lái xe gắn máy có dung tích xi-lanh dưới 50 cm3. Người đủ 18 tuổi trở lên được cấp GPLX hạng A1 (lái xe đến 125 cm3) hoặc hạng A (lái xe trên 125 cm3).,1.0,,0.99999999998,0.5
RQ-010,agentic_rag,Khi nào bị tịch thu xe và khi nào chỉ bị tạm giữ xe?,"['Văn bản: Nghị định 168/2024/NĐ-CP (Xử phạt VPHC đường bộ) | Điều 48: Tạm giữ phương tiện, giấy tờ có liên quan đến người điều khiển và phương tiện vi phạm\n2. Để bảo đảm thi hành quyết định xử phạt vi phạm hành chính hoặc để xác minh tình tiết làm căn cứ ra quyết định xử phạt, người có thẩm quyền xử phạt có thể quyết định tạm giữ phương tiện, giấy tờ có liên quan đến người điều khiển và phương tiện vi phạm một trong các hành vi quy định tại Nghị định này theo quy định tại điểm a, điểm c khoản 1; khoản 2; khoản 6; khoản 7; khoản 8 Điều 125 của Luật Xử lý vi phạm hành chính. Khi bị tạm giữ giấy tờ theo quy định tại khoản 6 Điều 125 của Luật Xử lý vi phạm\n\nhành chính, nếu quá thời hạn hẹn đến giải quyết vụ việc vi phạm ghi trong biên bản vi phạm hành chính, người vi phạm chưa thực hiện giải quyết vụ việc vi phạm theo quy định mà vẫn tiếp tục điều khiển phương tiện hoặc đưa phương tiện ra tham gia giao thông thì bị áp dụng xử phạt như hành vi không có giấy tờ.', 'Văn bản: Nghị định 168/2024/NĐ-CP (Xử phạt VPHC đường bộ) | Điều 48: Tạm giữ phương tiện, giấy tờ có liên quan đến người điều khiển và phương tiện vi phạm\n1. Để ngăn chặn ngay hành vi vi phạm hành chính, người có thẩm quyền được phép tạm giữ phương tiện trước khi ra quyết định xử phạt theo quy định tại điểm b khoản 1, khoản 2, khoản 8 Điều 125 của Luật\nXử lý vi phạm hành chính đối với những hành vi vi phạm được quy định tại các điều, khoản, điểm sau đây của Nghị định này:\nm) Điểm b khoản 5 Điều 34', 'Văn bản: Nghị định 168/2024/NĐ-CP (Xử phạt VPHC đường bộ) | Điều 48: Tạm giữ phương tiện, giấy tờ có liên quan đến người điều khiển và phương tiện vi phạm\n1. Để ngăn chặn ngay hành vi vi phạm hành chính, người có thẩm quyền được phép tạm giữ phương tiện trước khi ra quyết định xử phạt theo quy định tại điểm b khoản 1, khoản 2, khoản 8 Điều 125 của Luật\nXử lý vi phạm hành chính đối với những hành vi vi phạm được quy định tại các điều, khoản, điểm sau đây của Nghị định này:\nn) Khoản 3 Điều 35', 'Văn bản: Nghị định 168/2024/NĐ-CP (Xử phạt VPHC đường bộ) | Điều 48: Tạm giữ phương tiện, giấy tờ có liên quan đến người điều khiển và phương tiện vi phạm\n1. Để ngăn chặn ngay hành vi vi phạm hành chính, người có thẩm quyền được phép tạm giữ phương tiện trước khi ra quyết định xử phạt theo quy định tại điểm b khoản 1, khoản 2, khoản 8 Điều 125 của Luật\nXử lý vi phạm hành chính đối với những hành vi vi phạm được quy định tại các điều, khoản, điểm sau đây của Nghị định này:\nk) Khoản 2 Điều 19', 'Văn bản: Nghị định 168/2024/NĐ-CP (Xử phạt VPHC đường bộ) | Điều 2: Đối tượng áp dụng\n5. Người có thẩm quyền trừ điểm, phục hồi điểm giấy phép lái xe.\nc) Tịch thu phương tiện được sử dụng để vi phạm hành chính.']","### 1. Các trường hợp bị tịch thu phương tiện
Việc tịch thu phương tiện được áp dụng đối với chủ phương tiện (ô tô, xe chở người/hàng bốn bánh có gắn động cơ, xe máy chuyên dùng, xe mô tô, xe gắn máy và các loại xe tương tự) khi thực hiện các hành vi sau:

- **Cắt, hàn, tẩy xóa, đục sửa, đóng lại trái phép số khung, số động cơ (số máy)** hoặc đưa phương tiện đã bị can thiệp trái phép số khung, số máy tham gia giao thông [Điều 32, Khoản 17, Điểm a — NĐ 168/2024/NĐ-CP].
- **Cải tạo xe ô tô loại khác thành xe ô tô chở người** [Điều 32, Khoản 17, Điểm b — NĐ 168/2024/NĐ-CP].
- **Đưa phương tiện quá niên hạn sử dụng tham gia giao thông** (trừ trường hợp vi phạm quy định tại điểm i khoản 7 Điều 26) [Điều 32, Khoản 17, Điểm c — NĐ 168/2024/NĐ-CP].
- **Tái phạm hành vi chở vượt trên 100% số người quy định** được phép chở của phương tiện (quy định tại khoản 5 hoặc khoản 6 Điều 32) [Điều 32, Khoản 17, Điểm d, đ — NĐ 168/2024/NĐ-CP].
- **Tái phạm hành vi** quy định tại điểm h khoản 14 Điều 32 [Điều 32, Khoản 17, Điểm e — NĐ 168/2024/NĐ-CP].
- **Tái phạm hành vi** quy định tại điểm b khoản 16 Điều 32 [Điều 32, Khoản 17, Điểm g — NĐ 168/2024/NĐ-CP].
- **Sử dụng phương tiện không có chứng nhận đăng ký xe** (hoặc giấy tờ không do cơ quan thẩm quyền cấp, không đúng số khung/số máy, bị tẩy xóa) mà không chứng minh được nguồn gốc xuất xứ hợp pháp [Điều 32, Khoản 18, Điểm b — NĐ 168/2024/NĐ-CP].

### 2. Các trường hợp bị tạm giữ phương tiện
Việc tạm giữ phương tiện được thực hiện để ngăn chặn ngay hành vi vi phạm hoặc bảo đảm thi hành quyết định xử phạt đối với các trường hợp cụ thể sau:

- **Vi phạm quy tắc giao thông đường bộ:** Các hành vi vi phạm được quy định tại Điều 6 (ô tô), Điều 7 (xe mô tô, xe gắn máy), Điều 9 (xe đạp, xe thô sơ), Điều 12 (người điều khiển phương tiện), Điều 18 (quy tắc giao thông) và Điều 32 (chủ phương tiện) theo danh mục chi tiết tại Điều 48 [Điều 48, Khoản 1 — NĐ 168/2024/NĐ-CP].
- **Không xuất trình được giấy tờ:** Tại thời điểm kiểm tra, người điều khiển không xuất trình được giấy phép lái xe, chứng nhận đăng ký xe hoặc giấy chứng nhận kiểm định an toàn kỹ thuật và bảo vệ môi trường [Điều 48, Khoản 3 — NĐ 168/2024/NĐ-CP].
- **Tiếp tục vi phạm sau khi bị tạm giữ giấy tờ:** Nếu quá thời hạn hẹn giải quyết vụ việc mà người vi phạm chưa thực hiện giải quyết nhưng vẫn tiếp tục điều khiển phương tiện tham gia giao thông [Điều 48, Khoản 2 — NĐ 168/2024/NĐ-CP].
- **Trường hợp cần thiết khác:** Các hành vi vi phạm khác thuộc trường hợp thật cần thiết cần ngăn chặn ngay để tránh gây hậu quả nghiêm trọng cho xã hội [Điều 48, Khoản 1, Điểm o — NĐ 168/2024/NĐ-CP].

*Lưu ý: Khi phương tiện bị tạm giữ, chủ phương tiện phải chịu mọi chi phí (nếu có) cho việc sử dụng phương tiện thay thế hoặc chi phí thuê di chuyển phương tiện về nơi tạm giữ [Điều 48, Khoản 4 — NĐ 168/2024/NĐ-CP].*","Tạm giữ phương tiện được áp dụng để ngăn chặn vi phạm hoặc bảo đảm thi hành quyết định xử phạt (theo Điều 125 Luật xử lý VPHC). Tịch thu phương tiện được áp dụng đối với các vi phạm nghiêm trọng quy định cụ thể tại Nghị định 168 (như đua xe trái phép, sử dụng xe giả danh...).",0.47058823529411764,,0.99999999998,1.0
RQ-011,agentic_rag,Vi phạm tại điểm a khoản 4 Điều 13 Nghị định 168 bị phạt bao nhiêu?,"['Văn bản: Nghị định 168/2024/NĐ-CP (Xử phạt VPHC đường bộ) | Điều 47: Thủ tục xử phạt, nguyên tắc xử phạt đối với chủ phương tiện, người điều khiển phương tiện vi phạm quy định liên quan đến trật tự, an toàn giao thông trong lĩnh vực giao thông đường bộ\n3. Đối với những hành vi vi phạm mà cùng được quy định tại các điều khác nhau của Chương II của\nNghị định này, trong trường hợp đối tượng vi phạm trùng nhau thì xử phạt như sau:\nd) Các hành vi vi phạm quy định về niên hạn sử dụng của phương tiện quy định tại Điều 13 (điểm a khoản 9) và các hành vi vi phạm tương ứng quy định tại Điều 32 (điểm c khoản 17), trong trường hợp chủ phương tiện là người trực tiếp điều khiển phương tiện thì bị xử phạt theo quy định tại điểm c khoản\n17 Điều 32 của Nghị định này', 'Văn bản: Nghị định 168/2024/NĐ-CP (Xử phạt VPHC đường bộ) | Điều 7: Xử phạt, trừ điểm giấy phép lái của người điều khiển xe mô tô, xe gắn máy, các loại xe tương tự xe mô tô và các loại xe tương tự xe gắn máy vi phạm quy tắc giao thông đường bộ\n12. Ngoài việc bị áp dụng hình thức xử phạt chính, người điều khiển xe thực hiện hành vi vi phạm còn bị áp dụng các hình thức xử phạt bổ sung sau đây:\na) Thực hiện hành vi quy định tại điểm đ khoản 2 Điều này còn bị tịch thu thiết bị phát tín hiệu ưu tiên lắp đặt, sử dụng trái quy định', 'Văn bản: Nghị định 168/2024/NĐ-CP (Xử phạt VPHC đường bộ) | Điều 52: Sửa đổi, bổ sung một số điều của Nghị định số 100/2019/NĐ-CP ngày 30 tháng 12 năm\n6. Sửa đổi, bổ sung một số điểm, khoản của Điều 80 như sau:\na) Sửa đổi, bổ sung điểm i khoản 3 Điều 80 như sau:\n“i) Các hành vi vi phạm quy định về giá cước quy định tại Điều 23 (điểm l khoản 3), Điều 31 (khoản 2, khoản 3) và các hành vi vi phạm tương ứng quy định tại Điều 28 (điểm d khoản 6), trong trường hợp cá nhân kinh doanh vận tải là người trực tiếp điều khiển phương tiện hoặc là nhân viên phục vụ trên xe thì bị xử phạt theo quy định tại điểm d khoản 6 Điều 28 của Nghị định này;”', 'Văn bản: Nghị định 168/2024/NĐ-CP (Xử phạt VPHC đường bộ) | Điều 7: Xử phạt, trừ điểm giấy phép lái của người điều khiển xe mô tô, xe gắn máy, các loại xe tương tự xe mô tô và các loại xe tương tự xe gắn máy vi phạm quy tắc giao thông đường bộ\n7. **Phạt tiền từ 4.000.000 đồng đến 6.000.000 đồng** đối với người điều khiển xe thực hiện một trong các hành vi vi phạm sau đây:\nc) Không chấp hành hiệu lệnh của đèn tín hiệu giao thông', 'Văn bản: Nghị định 168/2024/NĐ-CP (Xử phạt VPHC đường bộ) | Điều 52: Sửa đổi, bổ sung một số điều của Nghị định số 100/2019/NĐ-CP ngày 30 tháng 12 năm\n6. Sửa đổi, bổ sung một số điểm, khoản của Điều 80 như sau:\nb) Sửa đổi, bổ sung điểm l khoản 3 Điều 80 như sau:\n“l) Các hành vi vi phạm quy định về kinh doanh vận tải hành khách theo hợp đồng quy định tại Điều 23\n(điểm n khoản 5) và các hành vi vi phạm tương ứng quy định tại Điều 28 (điểm p khoản 4), trong trường hợp cá nhân kinh doanh vận tải là người trực tiếp điều khiển phương tiện thì bị xử phạt theo quy định tại các điểm, khoản tương ứng của Điều 28 Nghị định này;”']","⚠️ Lưu ý: Thông tin tra cứu từ Internet mở, hãy cẩn trọng.

Xin lỗi, không có thông tin online xác thực về nội dung cụ thể của **điểm a khoản 4 Điều 13** tại Nghị định 168/2024/NĐ-CP trong các nguồn dữ liệu được cung cấp. Các tài liệu hiện có chủ yếu tập trung vào các điều khoản liên quan đến nồng độ cồn, tốc độ và các lỗi vi phạm phổ biến khác tại Điều 6 và Điều 7 của Nghị định này.

Nguồn:
[1] https://vi.wikipedia.org/wiki/Ngh%E1%BB%8B_%C4%91%E1%BB%8Bnh_168/2024/N%C4%90%E2%80%93CP
[2] https://mn3binhthanh.hcm.edu.vn/pho-bien-gdpl/gioi-thieu-nghi-dinh-so-1682024nd-cp-quy-dinh-xu-phat-vi-pham-hanh-chinh-ve-tra/ctmb/92469/733839
[3] https://pbgdplthainguyen.gov.vn/faq/Nghi-dinh-168-2024-ND-CP
[4] https://xaydungchinhsach.chinhphu.vn/toan-van-du-thao-sua-doi-nghi-dinh-168-2024-nd-cp-xu-phat-vi-pham-hanh-chinh-ve-trat-tu-an-toan-giao-thong-duong-bo-119260511101056763.htm
[5] https://odien.hanoi.gov.vn/tuyen-truyen-pho-bien-phap-luat/mot-so-muc-xu-phat-hanh-chinh-doi-voi-hanh-vi-vi-pham-trat-tu-an-toan-giao-thong-duong-bo-2839260204094106137.htm","Điểm a khoản 4 Điều 13 quy định phạt tiền từ 2.000.000 đồng đến 3.000.000 đồng đối với hành vi: Không thực hiện đúng quy định về biển báo hiệu, vạch kẻ đường khi qua phà, cầu phao.",0.0,,0.0,0.0
RQ-012,agentic_rag,Hình thức phạt bổ sung quy định tại khoản 8 Điều 32 NĐ 168 là gì?,"['Văn bản: Nghị định 168/2024/NĐ-CP (Xử phạt VPHC đường bộ) | Điều 32: Xử phạt, trừ điểm giấy phép lái xe đối với chủ phương tiện vi phạm quy định liên quan đến giao thông đường bộ\n18. Ngoài việc bị phạt tiền, cá nhân, tổ chức thực hiện hành vi vi phạm còn bị áp dụng các hình thức xử phạt bổ sung như sau:\nd) Thực hiện hành vi quy định tại điểm d khoản 11, điểm h khoản 14, điểm c khoản 16 Điều này bị tước quyền sử dụng giấy chứng nhận kiểm định an toàn kỹ thuật và bảo vệ môi trường và tem kiểm định của phương tiêṇ từ 01 tháng đến 03 tháng', 'Văn bản: Nghị định 168/2024/NĐ-CP (Xử phạt VPHC đường bộ) | Điều 32: Xử phạt, trừ điểm giấy phép lái xe đối với chủ phương tiện vi phạm quy định liên quan đến giao thông đường bộ\n18. Ngoài việc bị phạt tiền, cá nhân, tổ chức thực hiện hành vi vi phạm còn bị áp dụng các hình thức xử phạt bổ sung như sau:', 'Văn bản: Nghị định 168/2024/NĐ-CP (Xử phạt VPHC đường bộ) | Điều 52: Sửa đổi, bổ sung một số điều của Nghị định số 100/2019/NĐ-CP ngày 30 tháng 12 năm\n2. Sửa đổi, bổ sung một số điểm của khoản 6 Điều 28 như sau:', 'Văn bản: Nghị định 168/2024/NĐ-CP (Xử phạt VPHC đường bộ) | Điều 32: Xử phạt, trừ điểm giấy phép lái xe đối với chủ phương tiện vi phạm quy định liên quan đến giao thông đường bộ\n8. **Phạt tiền từ 4.000.000 đồng đến 6.000.000 đồng** đối với cá nhân, từ 8.000.000 đến 12.000.000 đồng đối với tổ chức là chủ xe mô tô, xe gắn máy và các loại xe tương tự xe mô tô, các loại xe tương tự xe gắn máy thực hiện một trong các hành vi vi phạm sau đây:', 'Văn bản: Nghị định 168/2024/NĐ-CP (Xử phạt VPHC đường bộ) | Điều 32: Xử phạt, trừ điểm giấy phép lái xe đối với chủ phương tiện vi phạm quy định liên quan đến giao thông đường bộ\n8. **Phạt tiền từ 4.000.000 đồng đến 6.000.000 đồng** đối với cá nhân, từ 8.000.000 đến 12.000.000 đồng đối với tổ chức là chủ xe mô tô, xe gắn máy và các loại xe tương tự xe mô tô, các loại xe tương tự xe gắn máy thực hiện một trong các hành vi vi phạm sau đây:\na) Tẩy xóa, sửa chữa hoặc giả mạo hồ sơ đăng ký xe nhưng chưa đến mức truy cứu trách nhiệm hình sự']","### Hình thức xử phạt bổ sung đối với chủ xe mô tô, xe gắn máy

Đối với các hành vi vi phạm quy định tại khoản 8 Điều 32 Nghị định 168/2024/NĐ-CP (như tẩy xóa, sửa chữa hồ sơ đăng ký xe hoặc tự ý thay đổi khung, máy, hình dáng, kích thước, đặc tính của xe), ngoài việc bị phạt tiền, chủ phương tiện còn bị áp dụng các hình thức xử phạt bổ sung sau:

- **Tịch thu biển số** hoặc **tịch thu biển số, thiết bị thay đổi biển số** đối với các hành vi vi phạm quy định tại điểm g, điểm h khoản 8 Điều 32 [Điều 32, Khoản 18, Điểm a — NĐ 168/2024/NĐ-CP].
- **Trừ điểm giấy phép lái xe**: Trong trường hợp chủ phương tiện là người trực tiếp điều khiển phương tiện thực hiện hành vi vi phạm quy định tại điểm đ, điểm e khoản 8 Điều 32, người lái xe sẽ bị trừ **02 điểm** GPLX [Điều 32, Khoản 21, Điểm a — NĐ 168/2024/NĐ-CP].
- **Trừ điểm giấy phép lái xe**: Trong trường hợp chủ phương tiện là người trực tiếp điều khiển phương tiện thực hiện hành vi vi phạm quy định tại điểm h khoản 8 Điều 32, người lái xe sẽ bị trừ **06 điểm** GPLX [Điều 32, Khoản 21, Điểm đ — NĐ 168/2024/NĐ-CP].
- **Biện pháp khắc phục hậu quả**: Buộc làm thủ tục đổi, thu hồi, cấp mới, cấp chứng nhận đăng ký xe, biển số xe theo quy định đối với hành vi vi phạm quy định tại điểm d, điểm đ khoản 8 Điều 32 [Điều 32, Khoản 19, Điểm g — NĐ 168/2024/NĐ-CP].
- **Tịch thu phương tiện**: Trong trường hợp thực hiện hành vi vi phạm quy định tại điểm đ, điểm e khoản 8 Điều 32 mà không có chứng nhận đăng ký xe hoặc chứng nhận không do cơ quan có thẩm quyền cấp, không đúng số khung, số máy hoặc bị tẩy xóa mà không chứng minh được nguồn gốc xuất xứ hợp pháp [Điều 32, Khoản 18, Điểm b — NĐ 168/2024/NĐ-CP].",Khoản 8 Điều 32 quy định hình thức xử phạt bổ sung cho các vi phạm tại Điều này là tịch thu thiết bị phát tín hiệu ưu tiên lắp đặt trái phép và bị tước quyền sử dụng Giấy phép lái xe từ 01 tháng đến 03 tháng.,0.11764705882352941,,0.9166666666361111,0.0
RQ-013,agentic_rag,Mức phạt cho hành vi quy định tại điểm h khoản 14 Điều 32 NĐ 168?,"['Văn bản: Nghị định 168/2024/NĐ-CP (Xử phạt VPHC đường bộ) | Điều 32: Xử phạt, trừ điểm giấy phép lái xe đối với chủ phương tiện vi phạm quy định liên quan đến giao thông đường bộ\n18. Ngoài việc bị phạt tiền, cá nhân, tổ chức thực hiện hành vi vi phạm còn bị áp dụng các hình thức xử phạt bổ sung như sau:\nd) Thực hiện hành vi quy định tại điểm d khoản 11, điểm h khoản 14, điểm c khoản 16 Điều này bị tước quyền sử dụng giấy chứng nhận kiểm định an toàn kỹ thuật và bảo vệ môi trường và tem kiểm định của phương tiêṇ từ 01 tháng đến 03 tháng', 'Văn bản: Nghị định 168/2024/NĐ-CP (Xử phạt VPHC đường bộ) | Điều 32: Xử phạt, trừ điểm giấy phép lái xe đối với chủ phương tiện vi phạm quy định liên quan đến giao thông đường bộ\n21. Ngoài việc bị áp dụng hình thức xử phạt, cá nhân, tổ chức thực hiện hành vi vi phạm còn bị trừ điểm giấy phép lái xe như sau:\nc) Thực hiện hành vi quy định tại điểm a, điểm b, điểm đ khoản 13; điểm a, điểm b, điểm c, điểm d khoản 14; điểm a khoản 16 Điều này trong trường hợp chủ phương tiện là người trực tiếp điều khiển phương tiện còn bị trừ điểm giấy phép lái xe 04 điểm', 'Văn bản: Nghị định 168/2024/NĐ-CP (Xử phạt VPHC đường bộ) | Điều 32: Xử phạt, trừ điểm giấy phép lái xe đối với chủ phương tiện vi phạm quy định liên quan đến giao thông đường bộ\n21. Ngoài việc bị áp dụng hình thức xử phạt, cá nhân, tổ chức thực hiện hành vi vi phạm còn bị trừ điểm giấy phép lái xe như sau:\na) Thực hiện hành vi quy định tại điểm đ, điểm g, điểm m khoản 7; điểm đ, điểm e khoản 8; điểm b, điểm c, điểm d, điểm đ khoản 9; điểm a, điểm b, điểm đ khoản 11; điểm a khoản 12; điểm c khoản 13; điểm đ, điểm h khoản 14 Điều này trong trường hợp chủ phương tiện là người trực tiếp điều khiển phương tiện còn bị trừ điểm giấy phép lái xe 02 điểm', 'Văn bản: Nghị định 168/2024/NĐ-CP (Xử phạt VPHC đường bộ) | Điều 32: Xử phạt, trừ điểm giấy phép lái xe đối với chủ phương tiện vi phạm quy định liên quan đến giao thông đường bộ\n14. **Phạt tiền từ 28.000.000 đồng đến 30.000.000 đồng** đối với cá nhân, từ 56.000.000 đồng đến\n60.000.000 đồng đối với tổ chức là chủ xe ô tô, xe chở người bốn bánh có gắn động cơ, xe chở hàng bốn bánh có gắn động cơ, xe máy chuyên dùng và các loại xe tương tự xe ô tô thực hiện một trong các hành vi vi phạm sau đây:\nb) Giao phương tiện hoặc để cho người làm công, người đại diện điều khiển phương tiện thực hiện hành vi vi phạm quy định tại điểm b khoản 3 Điều 22 của Nghị định này hoặc trực tiếp điều khiển phương tiện thực hiện hành vi vi phạm quy định tại điểm b khoản 3 Điều 22 của Nghị định này', 'Văn bản: Nghị định 168/2024/NĐ-CP (Xử phạt VPHC đường bộ) | Điều 32: Xử phạt, trừ điểm giấy phép lái xe đối với chủ phương tiện vi phạm quy định liên quan đến giao thông đường bộ\n14. **Phạt tiền từ 28.000.000 đồng đến 30.000.000 đồng** đối với cá nhân, từ 56.000.000 đồng đến\n60.000.000 đồng đối với tổ chức là chủ xe ô tô, xe chở người bốn bánh có gắn động cơ, xe chở hàng bốn bánh có gắn động cơ, xe máy chuyên dùng và các loại xe tương tự xe ô tô thực hiện một trong các hành vi vi phạm sau đây:\na) Giao phương tiện hoặc để cho người làm công, người đại diện điều khiển phương tiện thực hiện hành vi vi phạm quy định tại điểm a khoản 3 Điều 22 của Nghị định này hoặc trực tiếp điều khiển phương tiện thực hiện hành vi vi phạm quy định tại điểm a khoản 3 Điều 22 của Nghị định này']","⚠️ Lưu ý: Thông tin tra cứu từ Internet mở, hãy cẩn trọng.

Theo các tài liệu tham khảo về Nghị định 168/2024/NĐ-CP, điểm h khoản 14 Điều 32 quy định về mức xử phạt đối với chủ phương tiện (cá nhân hoặc tổ chức) liên quan đến hành vi chở quá số người quy định. Cụ thể:

*   **Đối với cá nhân:** Phạt tiền từ **2.000.000 đồng đến 4.000.000 đồng** trên mỗi người vượt quá quy định được phép chở của phương tiện (tổng mức phạt tối đa không quá 75 triệu đồng).
*   **Đối với tổ chức:** Phạt tiền từ **4.000.000 đồng đến 8.000.000 đồng** trên mỗi người vượt quá quy định được phép chở của phương tiện (tổng mức phạt tối đa không quá 150 triệu đồng).

Ngoài ra, nếu chở vượt trên 50% số người quy định, người điều khiển/chủ phương tiện còn có thể bị áp dụng hình thức xử phạt bổ sung là tước quyền sử dụng phù hiệu từ 01 tháng đến 03 tháng (nếu có).

Nguồn:
[4] https://luatvietnam.vn/hanh-chinh/cho-qua-so-nguoi-quy-dinh-570-24663-article.html",Phạt tiền từ 2.000.000 đồng đến 3.000.000 đồng đối với cá nhân đưa xe ô tô tải có kích thước thùng xe không đúng thông số kỹ thuật tham gia giao thông.,0.0,,0.0,0.0
RQ-014,agentic_rag,Điểm b khoản 9 Điều 6 quy định mức phạt tiền là bao nhiêu?,"['Văn bản: Nghị định 168/2024/NĐ-CP (Xử phạt VPHC đường bộ) | Điều 21: Xử phạt, trừ điểm giấy phép lái xe của người điều khiển xe ô tô tải, máy kéo (bao gồm cả rơ moóc hoặc sơ mi rơ moóc được kéo theo) và các loại xe tương tự xe ô tô vận chuyển hàng hóa vi phạm quy định về bảo đảm trật tự, an toàn giao thông đường bộ với xe ô tô vận chuyển hàng hóa\n6. **Phạt tiền từ 5.000.000 đồng đến 7.000.000 đồng** đối với một trong các hành vi vi phạm sau đây:\nđ) Vận chuyển hàng hóa, cung ứng dịch vụ không có giấy phép (đối với trường hợp phải có giấy phép)\nhoặc có nhưng không thực hiện đúng quy định ghi trong giấy phép, trừ các hành vi vi phạm quy định tại điểm b khoản 1, điểm a, điểm c, điểm d khoản 3 Điều 22; khoản 5 Điều 23; khoản 1, điểm b khoản 3\nĐiều 34 của Nghị định này.', 'Văn bản: Nghị định 168/2024/NĐ-CP (Xử phạt VPHC đường bộ) | Điều 32: Xử phạt, trừ điểm giấy phép lái xe đối với chủ phương tiện vi phạm quy định liên quan đến giao thông đường bộ\n15. **Phạt tiền từ 30.000.000 đồng đến 40.000.000 đồng** đối với cá nhân, từ 60.000.000 đồng đến\n80.000.000 đồng đối với tổ chức là chủ xe ô tô, xe máy chuyên dùng và các loại xe tương tự xe ô tô khi giao phương tiện hoặc để cho người làm công, người đại diện điều khiển phương tiện thực hiện hành vi vi phạm quy định tại khoản 7 Điều 21 của Nghị định này hoặc trực tiếp điều khiển phương tiện thực hiện hành vi vi phạm quy định tại khoản 7 Điều 21 của Nghị định này.', 'Văn bản: Nghị định 168/2024/NĐ-CP (Xử phạt VPHC đường bộ) | Điều 32: Xử phạt, trừ điểm giấy phép lái xe đối với chủ phương tiện vi phạm quy định liên quan đến giao thông đường bộ\n7. **Phạt tiền từ 4.000.000 đồng đến 6.000.000 đồng** đối với cá nhân, từ 8.000.000 đồng đến 12.000.000\nđồng đối với tổ chức là chủ xe ô tô (kể cả rơ moóc và sơ mi rơ moóc), xe chở người bốn bánh có gắn động cơ, xe chở hàng bốn bánh có gắn động cơ, xe máy chuyên dùng và các loại xe tương tự xe ô tô thực hiện một trong các hành vi vi phạm sau đây:\nđ) Giao phương tiện hoặc để cho người làm công, người đại diện điều khiển phương tiện thực hiện hành vi vi phạm quy định tại điểm e khoản 3; điểm i khoản 5 Điều 20 của Nghị định này hoặc trực tiếp điều khiển phương tiện thực hiện hành vi vi phạm quy định tại điểm e khoản 3; điểm i khoản 5 Điều 20 của\nNghị định này', 'Văn bản: Nghị định 168/2024/NĐ-CP (Xử phạt VPHC đường bộ) | Điều 32: Xử phạt, trừ điểm giấy phép lái xe đối với chủ phương tiện vi phạm quy định liên quan đến giao thông đường bộ\n13. **Phạt tiền từ 20.000.000 đồng đến 26.000.000 đồng** đối với cá nhân, từ 40.000.000 đồng đến\n52.000.000 đồng đối với tổ chức là chủ xe ô tô, xe máy chuyên dùng và các loại xe tương tự xe ô tô thực hiện một trong các hành vi vi phạm sau đây:\na) Giao phương tiện hoặc để cho người làm công, người đại diện điều khiển phương tiện thực hiện hành vi vi phạm quy định tại điểm a, điểm b khoản 6 Điều 21 của Nghị định này hoặc trực tiếp điều khiển phương tiện thực hiện hành vi vi phạm quy định tại điểm a, điểm b khoản 6 Điều 21 của Nghị định này', 'Văn bản: Nghị định 168/2024/NĐ-CP (Xử phạt VPHC đường bộ) | Điều 32: Xử phạt, trừ điểm giấy phép lái xe đối với chủ phương tiện vi phạm quy định liên quan đến giao thông đường bộ\n16. **Phạt tiền từ 65.000.000 đồng đến 75.000.000 đồng** đối với cá nhân, từ 130.000.000 đồng đến\n150.000.000 đồng đối với tổ chức là chủ xe ô tô, xe máy chuyên dùng và các loại xe tương tự xe ô tô khi thực hiện một trong các hành vi vi phạm sau đây:\nb) Giao phương tiện hoặc để cho người làm công, người đại diện điều khiển phương tiện thực hiện hành vi vi phạm quy định tại điểm a, điểm b khoản 8 Điều 21 của Nghị định này hoặc trực tiếp điều khiển phương tiện thực hiện hành vi vi phạm quy định tại điểm a, điểm b khoản 8 Điều 21 của Nghị định này']","### Mức phạt đối với hành vi không chấp hành hiệu lệnh của đèn tín hiệu giao thông

- Đối với người điều khiển xe ô tô, xe chở người bốn bánh có gắn động cơ, xe chở hàng bốn bánh có gắn động cơ và các loại xe tương tự xe ô tô: Phạt tiền từ **18.000.000 đồng** đến **20.000.000 đồng** [Điều 6, Khoản 9, Điểm b — NĐ 168/2024/NĐ-CP].","Phạt tiền từ 18.000.000 đồng đến 20.000.000 đồng đối với hành vi gây tai nạn giao thông mà không dừng lại, không giữ nguyên hiện trường, không trình báo cơ quan có thẩm quyền.",0.5,,0.0,0.0
RQ-015,agentic_rag,Khoản 2 Điều 48 NĐ 168 nhắc đến việc tạm giữ phương tiện theo luật nào?,"['Văn bản: Nghị định 168/2024/NĐ-CP (Xử phạt VPHC đường bộ) | Điều 48: Tạm giữ phương tiện, giấy tờ có liên quan đến người điều khiển và phương tiện vi phạm\n1. Để ngăn chặn ngay hành vi vi phạm hành chính, người có thẩm quyền được phép tạm giữ phương tiện trước khi ra quyết định xử phạt theo quy định tại điểm b khoản 1, khoản 2, khoản 8 Điều 125 của Luật\nXử lý vi phạm hành chính đối với những hành vi vi phạm được quy định tại các điều, khoản, điểm sau đây của Nghị định này:\nm) Điểm b khoản 5 Điều 34', 'Văn bản: Nghị định 168/2024/NĐ-CP (Xử phạt VPHC đường bộ) | Điều 48: Tạm giữ phương tiện, giấy tờ có liên quan đến người điều khiển và phương tiện vi phạm\n1. Để ngăn chặn ngay hành vi vi phạm hành chính, người có thẩm quyền được phép tạm giữ phương tiện trước khi ra quyết định xử phạt theo quy định tại điểm b khoản 1, khoản 2, khoản 8 Điều 125 của Luật\nXử lý vi phạm hành chính đối với những hành vi vi phạm được quy định tại các điều, khoản, điểm sau đây của Nghị định này:', 'Văn bản: Nghị định 168/2024/NĐ-CP (Xử phạt VPHC đường bộ) | Điều 48: Tạm giữ phương tiện, giấy tờ có liên quan đến người điều khiển và phương tiện vi phạm\n1. Để ngăn chặn ngay hành vi vi phạm hành chính, người có thẩm quyền được phép tạm giữ phương tiện trước khi ra quyết định xử phạt theo quy định tại điểm b khoản 1, khoản 2, khoản 8 Điều 125 của Luật\nXử lý vi phạm hành chính đối với những hành vi vi phạm được quy định tại các điều, khoản, điểm sau đây của Nghị định này:\nn) Khoản 3 Điều 35', 'Văn bản: Thông tư 73/2024/TT-BCA (Tuần tra kiểm soát) | Điều 17: Áp dụng các biện pháp ngăn chặn và bảo đảm xử lý vi phạm hành chính\n2. Tạm giữ tang vật, phương tiện vi phạm hành chính, giấy phép, chứng chỉ hành nghề\nđ) Trường hợp giao phương tiện giao thông bị tạm giữ để bảo đảm thi hành quyết định xử phạt cho người vi phạm quản lý, bảo quản thì thực hiện theo quy định của Chính phủ về quản lý, bảo quản tang vật, phương tiện vi phạm hành chính bị tạm giữ theo thủ tục hành chính', 'Văn bản: Thông tư 72/2024/TT-BCA (Quy trình điều tra, giải quyết tai nạn giao thông đường bộ của CSGT) | Điều 10: Tạm giữ, xử lý phương tiện, đồ vật, tài liệu, giấy phép, chứng chỉ hành nghề của người điều khiển phương tiện liên quan đến vụ tai nạn giao thông đường bộ để điều tra, xác minh, giải quyết\n## Điều 10. Tạm giữ, xử lý phương tiện, đồ vật, tài liệu, giấy phép, chứng chỉ hành nghề của người điều khiển phương tiện liên quan đến vụ tai nạn giao thông đường bộ để điều tra, xác minh, giải quyết\n1. Việc tạm giữ phương tiện, đồ vật, tài liệu, giấy phép, chứng chỉ hành nghề của người điều khiển phương tiện liên quan đến vụ tai nạn giao thông đường bộ được thực hiện theo quy định tại Điều 125 Luật Xử lý vi phạm hành chính năm 2012 (sửa đổi, bổ sung năm 2020) và các quy định khác có liên quan.\nĐối với trường hợp các giấy tờ có liên quan đến người và phương tiện giao thông đã được tích hợp trong căn cước điện tử, tài khoản định danh điện tử trên ứng dụng định danh quốc gia khi tạm giữ giấy tờ, Cảnh sát giao thông thực hiện việc tạm giữ giấy tờ trên môi trường điện tử.\n2. Trước khi kéo dài thời hạn tạm giữ phương tiện, đồ vật, tài liệu, giấy phép, chứng chỉ hành nghề của người điều khiển phương tiện, cán bộ được phân công điều tra, xác minh, giải quyết vụ tai nạn giao thông đường bộ phải báo cáo đề xuất kéo dài thời hạn tạm giữ theo Mẫu số 10/TNĐB ban hành kèm theo Thông tư này.\n3. Việc xử lý phương tiện, đồ vật, tài liệu, giấy phép, chứng chỉ hành nghề của người điều khiển phương tiện liên quan đến vụ tai nạn giao thông đường bộ được thực hiện theo quy định tại Điều 126 Luật Xử lý vi phạm hành chính năm 2012 (sửa đổi, bổ sung năm 2020) và các quy định khác có liên quan.\n4. Sau khi kết thúc khám nghiệm phương tiện giao thông, xác định người điều khiển phương tiện không có lỗi và không vi phạm các quy định khác của pháp luật thì phương tiện giao thông phải được trả ngay cho chủ sở hữu hoặc người điều khiển phương tiện. Nghiêm cấm việc giữ phương tiện giao thông của các bên liên quan đến vụ tai nạn giao thông để làm căn cứ giải quyết bồi thường thiệt hại.']","Khoản 2 Điều 48 Nghị định 168/2024/NĐ-CP quy định việc tạm giữ phương tiện, giấy tờ có liên quan đến người điều khiển và phương tiện vi phạm dựa trên các quy định tại **điểm a, điểm c khoản 1; khoản 2; khoản 6; khoản 7; khoản 8 Điều 125 của Luật Xử lý vi phạm hành chính** [Điều 48, Khoản 2 — NĐ 168/2024/NĐ-CP].","Việc tạm giữ phương tiện để bảo đảm thi hành quyết định xử phạt được thực hiện theo quy định tại Điều 125 của Luật Xử lý vi phạm hành chính (được sửa đổi, bổ sung năm 2020).",0.6666666666666666,,0.99999999998,1.0
RQ-016,agentic_rag,Sát hạch lý thuyết cấp giấy phép lái xe gồm những nội dung gì?,"['Văn bản: Thông tư 35/2024/TT-BGTVT (Đào tạo sát hạch GPLX) | Điều 17: Hình thức, nội dung và quy trình sát hạch lái xe\n1. Sát hạch lý thuyết a) Sát hạch lý thuyết: gồm các câu hỏi liên quan đến quy định của pháp luật về trật tự, an toàn giao thông đường bộ, kỹ thuật lái xe; nội dung liên quan đến cấu tạo và sửa chữa thông thường (đối với giấy phép lái xe hạng B1 và đối với giấy phép lái xe ô tô từ hạng B trở lên); đạo đức người lái xe, văn hóa giao thông và phòng chống tác hại của rượu, bia khi tham gia giao thông, kỹ năng phòng cháy, chữa cháy và cứu nạn, cứu hộ (đối với giấy phép lái xe ô tô từ hạng B trở lên).\nThí sinh dự sát hạch lái xe hạng A1 có giấy phép lái xe ô tô còn hiệu lực do ngành Giao thông vận tải cấp được miễn sát hạch lý thuyết; b) Sát hạch lý thuyết thực hiện trên máy vi tính.', 'Văn bản: Thông tư 12/2025/TT-BCA (Quy trình cấp GPLX) | Điều 4: Hình thức, nội dung và quy trình sát hạch lái xe\n1. Sát hạch lý thuyết a) Sát hạch lý thuyết: gồm các câu hỏi liên quan đến quy định của pháp luật về trật tự, an toàn giao thông đường bộ; kỹ thuật lái xe; nội dung liên quan đến cấu tạo và sửa chữa thông thường (đối với hạng B1 và hạng B trở lên);\n\nđạo đức người lái xe, văn hóa giao thông và phòng, chống tác hại của rượu, bia khi tham gia giao thông; kỹ năng phòng cháy, chữa cháy và cứu nạn, cứu hộ (đối với hạng B trở lên).\nThí sinh dự sát hạch lái xe hạng A1, A có giấy phép lái xe ô tô còn hiệu lực được miễn sát hạch lý thuyết; b) Sát hạch lý thuyết thực hiện trên máy vi tính, trừ trường hợp quy định tại khoản 2 Điều 5 Thông tư này.', 'Văn bản: Thông tư 12/2017/TT-BGTVT (Đào tạo, sát hạch, cấp GPLX) | Điều 21: Nội dung và quy trình sát hạch lái xe\n3. Nội dung sát hạch cấp giấy phép lái xe a) Sát hạch lý thuyết: gồm các câu hỏi liên quan đến quy định của pháp luật giao thông đường bộ, kỹ thuật lái xe, ngoài ra còn có nội dung liên quan đến cấu tạo và sửa chữa thông thường, nghiệp vụ vận tải\n(đối với giấy phép lái xe hạng A3, A4); cấu tạo và sửa chữa thông thường, đạo đức người lái xe (đối với giấy phép lái xe ô tô hạng B1); cấu tạo và sửa chữa thông thường, nghiệp vụ vận tải, đạo đức người lái xe (đối với giấy phép lái xe ô tô từ hạng B2 trở lên).\nNgười dự sát hạch lái xe hạng A1 có giấy phép lái xe ô tô do ngành Giao thông vận tải cấp được miễn sát hạch lý thuyết.', 'Văn bản: Thông tư 35/2024/TT-BGTVT (Đào tạo sát hạch GPLX) | Điều 34: Cấp giấy phép lái xe\n2. Người có giấy phép lái xe quá thời hạn sử dụng a) Người có giấy phép lái xe các hạng B, C1, C, D1, D2, D, BE, C1E, CE, D1E, D2E, DE quá thời hạn sử dụng\nQuá hạn dưới 01 năm kể từ ngày hết hạn phải sát hạch lý thuyết theo quy định tại điểm a khoản 1 Điều 17 Thông tư này để cấp giấy phép lái xe.\nQuá hạn từ 01 năm trở lên kể từ ngày hết hạn phải sát hạch lý thuyết, thực hành lái xe trong hình và trên đường để cấp giấy phép lái xe theo quy định tại khoản 1, khoản 2 và khoản 3 Điều 17 Thông tư này.\nHồ sơ dự sát hạch thực hiện theo quy định tại khoản 3 Điều 29 Thông tư này', 'Văn bản: Thông tư 12/2017/TT-BGTVT (Đào tạo, sát hạch, cấp GPLX) | Điều 21: Nội dung và quy trình sát hạch lái xe\n2. Việc sát hạch để cấp giấy phép lái xe hạng A1, A2, A3 và A4 ở các đô thị từ loại 2 trở lên phải được thực hiện tại các trung tâm sát hạch lái xe có đủ điều kiện hoạt động; các địa bàn khác thực hiện tại các sân sát hạch có đủ các hạng mục công trình cơ bản, phòng sát hạch lý thuyết, sân sát hạch và xe cơ giới dùng để sát hạch của từng hạng giấy phép lái xe theo quy định của Quy chuẩn kỹ thuật quốc gia về trung tâm sát hạch lái xe cơ giới đường bộ.']","### Nội dung sát hạch lý thuyết cấp giấy phép lái xe

Nội dung sát hạch lý thuyết bao gồm các phần chính sau đây:

- **Kiến thức pháp luật:** Các câu hỏi liên quan đến quy định của pháp luật về trật tự, an toàn giao thông đường bộ [Điều 17, Khoản 1, Điểm a — Thông tư 35/2024/TT-BGTVT] [Điều 4, Khoản 1, Điểm a — Thông tư 12/2025/TT-BCA].
- **Kỹ thuật lái xe:** Các câu hỏi về kỹ thuật điều khiển phương tiện [Điều 17, Khoản 1, Điểm a — Thông tư 35/2024/TT-BGTVT] [Điều 4, Khoản 1, Điểm a — Thông tư 12/2025/TT-BCA].
- **Cấu tạo và sửa chữa thông thường:** Nội dung liên quan đến cấu tạo và sửa chữa thông thường của phương tiện (áp dụng đối với hạng B1 và hạng B trở lên) [Điều 17, Khoản 1, Điểm a — Thông tư 35/2024/TT-BGTVT] [Điều 4, Khoản 1, Điểm a — Thông tư 12/2025/TT-BCA].
- **Đạo đức và văn hóa giao thông:** Đạo đức người lái xe, văn hóa giao thông và phòng, chống tác hại của rượu, bia khi tham gia giao thông [Điều 17, Khoản 1, Điểm a — Thông tư 35/2024/TT-BGTVT] [Điều 4, Khoản 1, Điểm a — Thông tư 12/2025/TT-BCA].
- **Kỹ năng chuyên môn (đối với hạng B trở lên):** Kỹ năng phòng cháy, chữa cháy và cứu nạn, cứu hộ [Điều 17, Khoản 1, Điểm a — Thông tư 35/2024/TT-BGTVT] [Điều 4, Khoản 1, Điểm a — Thông tư 12/2025/TT-BCA].

**Lưu ý về hình thức thực hiện:**
- Sát hạch lý thuyết được thực hiện trên máy vi tính [Điều 17, Khoản 1, Điểm b — Thông tư 35/2024/TT-BGTVT] [Điều 4, Khoản 1, Điểm b — Thông tư 12/2025/TT-BCA].
- Đối với người dân tộc thiểu số không biết đọc, viết tiếng Việt dự sát hạch hạng A1, sát hạch lý thuyết được thực hiện bằng hình thức hỏi - đáp và sử dụng phương pháp trắc nghiệm trên giấy [Điều 27, Khoản 2 — Thông tư 35/2024/TT-BGTVT].","Sát hạch lý thuyết gồm các câu hỏi về: quy định pháp luật về trật tự, an toàn giao thông đường bộ; kỹ thuật lái xe; cấu tạo và sửa chữa thông thường (đối với hạng B1 và hạng B trở lên); đạo đức người lái xe, văn hóa giao thông và phòng, chống tác hại của rượu, bia; kỹ năng phòng cháy, chữa cháy và cứu nạn, cứu hộ (đối với hạng B trở lên). Thí sinh sát hạch hạng A1, A đã có giấy phép lái xe ô tô còn hiệu lực được miễn sát hạch lý thuyết.",0.8571428571428571,,0.99999999998,1.0
RQ-017,agentic_rag,Thủ tục phục hồi điểm giấy phép lái xe như thế nào?,"['Văn bản: Luật Trật tự ATGT đường bộ 2024 | Điều 58: Điểm của giấy phép lái xe\n## Điều 58. Điểm của giấy phép lái xe\n1. Điểm của giấy phép lái xe được dùng để quản lý việc chấp hành pháp luật về trật tự, an toàn giao thông đường bộ của người lái xe trên hệ thống cơ sở dữ liệu về trật tự, an toàn giao thông đường bộ, bao gồm 12 điểm. Số điểm trừ mỗi lần vi phạm tùy thuộc tính chất, mức độ của hành vi vi phạm pháp luật về trật tự, an toàn giao thông đường bộ. Dữ liệu về điểm trừ giấy phép lái xe của người vi phạm sẽ được cập nhật vào hệ thống cơ sở dữ liệu ngay sau khi quyết định xử phạt có hiệu lực thi hành và thông báo cho người bị trừ điểm giấy phép lái xe biết.\n2. Giấy phép lái xe chưa bị trừ hết điểm và không bị trừ điểm trong thời hạn 12 tháng từ ngày bị trừ điểm gần nhất thì được phục hồi đủ 12 điểm.\n3. Trường hợp giấy phép lái xe bị trừ hết điểm thì người có giấy phép lái xe không được điều khiển phương tiện tham gia giao thông đường bộ theo giấy phép lái xe đó. Sau thời hạn ít nhất là 06 tháng kể từ ngày bị trừ hết điểm, người có giấy phép lái xe được tham gia kiểm tra nội dung kiến thức pháp luật về trật tự, an toàn giao thông đường bộ theo quy định tại khoản 7 Điều 61 của Luật này do lực lượng\nCảnh sát giao thông tổ chức, có kết quả đạt yêu cầu thì được phục hồi đủ 12 điểm.\n4. Giấy phép lái xe sau khi đổi, cấp lại, nâng hạng được giữ nguyên số điểm của giấy phép lái xe trước khi đổi, cấp lại, nâng hạng.\n5. Người có thẩm quyền xử phạt vi phạm hành chính có thẩm quyền trừ điểm giấy phép lái xe.\n6. Chính phủ quy định chi tiết khoản 1 Điều này; quy định trình tự, thủ tục, thẩm quyền trừ điểm, phục hồi điểm giấy phép lái xe; quy định lộ trình thực hiện Điều này. Bộ trưởng Bộ Công an quy định chi tiết khoản 3 Điều này.', 'Văn bản: Nghị định 168/2024/NĐ-CP (Xử phạt VPHC đường bộ) | Điều 51: Thẩm quyền, trình tự, thủ tục phục hồi điểm giấy phép lái xe\n1. Thẩm quyền phục hồi điểm giấy phép lái xe b) Cục trưởng Cục Cảnh sát giao thông, Trưởng phòng Cảnh sát giao thông nơi tổ chức kiểm tra kiến thức pháp luật về trật tự, an toàn giao thông đường bộ có thẩm quyền phục hồi điểm cho giấy phép lái xe đối với trường hợp quy định tại khoản 3 Điều này.', 'Văn bản: Nghị định 168/2024/NĐ-CP (Xử phạt VPHC đường bộ) | Điều 51: Thẩm quyền, trình tự, thủ tục phục hồi điểm giấy phép lái xe\n3. Trình tự, thủ tục phục hồi điểm giấy phép lái xe đối với trường hợp giấy phép lái xe bị trừ hết điểm a) Sau khi người có giấy phép lái xe bị trừ hết điểm tham gia kiểm tra nội dung kiến thức pháp luật về trật tự, an toàn giao thông đường bộ và đạt yêu cầu, kết quả kiểm tra được cập nhật vào phần mềm kiểm tra kiến thức pháp luật về trật tự, an toàn giao thông đường bộ và đồng bộ dữ liệu với Cơ sở dữ liệu về xử lý vi phạm hành chính về trật tự, an toàn giao thông đường bộ, dữ liệu điểm giấy phép lái xe sẽ được phục hồi đủ 12 điểm và cập nhật tự động trong Cơ sở dữ liệu về xử lý vi phạm hành chính về trật tự, an toàn giao thông đường bộ', 'Văn bản: Nghị định 168/2024/NĐ-CP (Xử phạt VPHC đường bộ) | Điều 51: Thẩm quyền, trình tự, thủ tục phục hồi điểm giấy phép lái xe\n2. Trình tự, thủ tục phục hồi điểm giấy phép lái xe đối với trường hợp giấy phép lái xe chưa bị trừ hết điểm và không bị trừ điểm trong thời hạn 12 tháng từ ngày bị trừ điểm gần nhất a) Khi đủ thời hạn 12 tháng, kể từ ngày bị trừ điểm giấy phép lái xe gần nhất, dữ liệu điểm giấy phép lái xe sẽ được tự động phục hồi đủ 12 điểm (gồm cả giấy phép lái xe đang trong thời hạn bị tước quyền sử dụng) và cập nhật tự động trong Cơ sở dữ liệu về xử lý vi phạm hành chính về trật tự, an toàn giao thông đường bộ', 'Văn bản: Nghị định 168/2024/NĐ-CP (Xử phạt VPHC đường bộ) | Điều 51: Thẩm quyền, trình tự, thủ tục phục hồi điểm giấy phép lái xe\n2. Trình tự, thủ tục phục hồi điểm giấy phép lái xe đối với trường hợp giấy phép lái xe chưa bị trừ hết điểm và không bị trừ điểm trong thời hạn 12 tháng từ ngày bị trừ điểm gần nhất b) Ngay sau khi dữ liệu điểm giấy phép lái xe được phục hồi, Cơ sở dữ liệu về xử lý vi phạm hành chính về trật tự, an toàn giao thông đường bộ sẽ tự động chuyển thông tin thông báo cho người được phục hồi điểm giấy phép lái xe biết việc phục hồi điểm theo quy định tại điểm c khoản này']","### Thủ tục phục hồi điểm giấy phép lái xe (GPLX)

Việc phục hồi điểm GPLX được thực hiện theo hai trường hợp cụ thể như sau:

### 1. Trường hợp GPLX chưa bị trừ hết điểm
- **Điều kiện:** Người có GPLX không bị trừ điểm trong thời hạn **12 tháng** kể từ ngày bị trừ điểm gần nhất [Điều 58, Khoản 2 — Luật Trật tự ATGT đường bộ 2024 (Nguồn 1)].
- **Quy trình:**
    - Khi đủ thời hạn **12 tháng**, dữ liệu điểm GPLX sẽ được **tự động phục hồi đủ 12 điểm** (bao gồm cả trường hợp GPLX đang trong thời hạn bị tước quyền sử dụng) [Điều 51, Khoản 2, Điểm a — NĐ 168/2024/NĐ-CP (Nguồn 4)].
    - Ngay sau khi phục hồi, hệ thống sẽ tự động thông báo cho người được phục hồi điểm thông qua tài khoản trên Cổng dịch vụ công, Ứng dụng giao thông trên thiết bị di động [Điều 51, Khoản 2, Điểm b, c — NĐ 168/2024/NĐ-CP (Nguồn 5, Nguồn bổ sung)].
    - Thông tin phục hồi điểm cũng được cập nhật trên Trang thông tin điện tử của Cục Cảnh sát giao thông; đối với GPLX là thông điệp dữ liệu, trạng thái sẽ được cập nhật trong căn cước điện tử, tài khoản định danh điện tử [Điều 51, Khoản 2, Điểm c — NĐ 168/2024/NĐ-CP (Nguồn bổ sung)].

### 2. Trường hợp GPLX bị trừ hết điểm
- **Điều kiện:** Sau thời hạn ít nhất **06 tháng** kể từ ngày bị trừ hết điểm, người có GPLX được tham gia kiểm tra nội dung kiến thức pháp luật về trật tự, an toàn giao thông đường bộ [Điều 58, Khoản 3 — Luật Trật tự ATGT đường bộ 2024 (Nguồn 1)].
- **Quy trình:**
    - Người vi phạm tham gia kiểm tra kiến thức pháp luật về trật tự, an toàn giao thông đường bộ [Điều 58, Khoản 3 — Luật Trật tự ATGT đường bộ 2024 (Nguồn 1)].
    - Nội dung kiểm tra bao gồm: Kiểm tra lý thuyết kiến thức pháp luật và kiểm tra kiến thức pháp luật theo mô phỏng các tình huống giao thông trên máy tính [Điều 6, Khoản 1 — Thông tư 13/2025/TT-BCA (Nguồn 12)].
    - Sau khi đạt yêu cầu, kết quả được cập nhật vào phần mềm và đồng bộ với Cơ sở dữ liệu về xử lý vi phạm hành chính [Điều 51, Khoản 3, Điểm a — NĐ 168/2024/NĐ-CP (Nguồn 3)].
    - Dữ liệu điểm GPLX sẽ được **phục hồi đủ 12 điểm** và cập nhật tự động [Điều 51, Khoản 3, Điểm a — NĐ 168/2024/NĐ-CP (Nguồn 3)].
    - Người có thẩm quyền (Cục trưởng Cục Cảnh sát giao thông, Trưởng phòng Cảnh sát giao thông nơi tổ chức kiểm tra) thông báo cho người được phục hồi điểm biết [Điều 51, Khoản 1, Điểm b — NĐ 168/2024/NĐ-CP (Nguồn 2)] [Điều 51, Khoản 3, Điểm b — NĐ 168/2024/NĐ-CP (Nguồn 7)].
    - Việc thông báo được thực hiện bằng văn bản hoặc phương thức điện tử qua Cổng dịch vụ công, Ứng dụng giao thông, đồng thời cập nhật trạng thái trên Trang thông tin điện tử của Cục Cảnh sát giao thông hoặc căn cước điện tử/tài khoản định danh điện tử [Điều 51, Khoản 3, Điểm c — NĐ 168/2024/NĐ-CP (Nguồn 6)].",Giấy phép lái xe được phục hồi đủ 12 điểm khi chưa bị trừ hết điểm và không bị trừ điểm trong thời hạn 12 tháng kể từ ngày bị trừ điểm gần nhất. Trường hợp bị trừ hết điểm thì phải kiểm tra kiến thức pháp luật về trật tự ATGT.,0.5625,,0.99999999998,1.0
RQ-018,agentic_rag,Điều kiện để được cấp Giấy phép lái xe hạng C là gì?,"['Văn bản: Thông tư 35/2024/TT-BGTVT (Đào tạo sát hạch GPLX) | Điều 28: Người dự sát hạch lái xe\n## Điều 28. Người dự sát hạch lái xe\n1. Đủ tuổi (tính đến ngày dự sát hạch lái xe), sức khỏe theo quy định tại khoản 1 và khoản 2 Điều 59 Luật Trật tự, an toàn giao thông đường bộ.\n2. Học đủ nội dung, chương trình đào tạo theo quy định; được cơ đào tạo lái xe xét hoàn thành khóa đào tạo lái xe theo mẫu quy định tại Phụ lục XXIII ban hành kèm theo Thông tư này đối với các hạng B1, B, C1, C, D1, D2,\nD, BE, C1E, CE, D1E, D2E, DE.\n3. Người dự sát hạch phải có tên trong danh sách học viên của báo cáo 1 đối với người dự sát hạch lần đầu.', 'Văn bản: Luật Trật tự ATGT đường bộ 2024 | Điều 59: Tuổi, sức khỏe của người điều khiển phương tiện tham gia giao thông đường bộ\n## Điều 59. Tuổi, sức khỏe của người điều khiển phương tiện tham gia giao thông đường bộ\n1. Độ tuổi của người lái xe, người điều khiển xe máy chuyên dùng được quy định như sau:\na) Người đủ 16 tuổi trở lên được điều khiển xe gắn máy; b) Người đủ 18 tuổi trở lên được cấp giấy phép lái xe hạng A1, A, B1, B, C1, được cấp chứng chỉ bồi dưỡng kiến thức pháp luật về giao thông đường bộ để điều khiển xe máy chuyên dùng tham gia giao thông đường bộ; c) Người đủ 21 tuổi trở lên được cấp giấy phép lái xe hạng C, BE; d) Người đủ 24 tuổi trở lên được cấp giấy phép lái xe hạng D1, D2, C1E, CE; đ) Người đủ 27 tuổi trở lên được cấp giấy phép lái xe hạng D, D1E, D2E, DE; e) Tuổi tối đa của người lái xe ô tô chở người (kể cả xe buýt) trên 29 chỗ (không kể chỗ của người lái xe), xe ô tô chở người giường nằm là đủ 57 tuổi đối với nam, đủ 55 tuổi đối với nữ.\n\n2. Người điều khiển phương tiện tham gia giao thông đường bộ phải bảo đảm điều kiện sức khỏe phù hợp với từng loại phương tiện được phép điều khiển. Bộ trưởng Bộ Y tế quy định về tiêu chuẩn sức khỏe, việc khám sức khỏe đối với người lái xe, người điều khiển xe máy chuyên dùng; việc khám sức khỏe định kỳ đối với người hành nghề lái xe ô tô; xây dựng cơ sở dữ liệu về sức khỏe của người lái xe, người điều khiển xe máy chuyên dùng.\n3. Bộ trưởng Bộ Quốc phòng, Bộ trưởng Bộ Công an quy định độ tuổi của người lái xe trong lực lượng quân đội, công an làm nhiệm vụ quốc phòng, an ninh.', 'Văn bản: Thông tư 35/2024/TT-BGTVT (Đào tạo sát hạch GPLX) | Điều 34: Cấp giấy phép lái xe\n2. Người có giấy phép lái xe quá thời hạn sử dụng a) Người có giấy phép lái xe các hạng B, C1, C, D1, D2, D, BE, C1E, CE, D1E, D2E, DE quá thời hạn sử dụng\nQuá hạn dưới 01 năm kể từ ngày hết hạn phải sát hạch lý thuyết theo quy định tại điểm a khoản 1 Điều 17 Thông tư này để cấp giấy phép lái xe.\nQuá hạn từ 01 năm trở lên kể từ ngày hết hạn phải sát hạch lý thuyết, thực hành lái xe trong hình và trên đường để cấp giấy phép lái xe theo quy định tại khoản 1, khoản 2 và khoản 3 Điều 17 Thông tư này.\nHồ sơ dự sát hạch thực hiện theo quy định tại khoản 3 Điều 29 Thông tư này', 'Văn bản: Thông tư 12/2025/TT-BCA (Quy trình cấp GPLX) | Điều 15: Người dự sát hạch lái xe\n## Điều 15. Người dự sát hạch lái xe\n1. Đủ tuổi (tính đến ngày dự sát hạch lái xe), sức khỏe theo quy định tại khoản 1, 2 Điều 59 Luật Trật tự, an toàn giao thông đường bộ.\n2. Được cơ đào tạo lái xe xác nhận hoàn thành khóa đào tạo lái xe hoặc được cấp chứng chỉ sơ cấp nghề hoặc chứng chỉ đào tạo.', 'Văn bản: Luật Trật tự ATGT đường bộ 2024 | Điều 60: Đào tạo lái xe\n4. Người có nhu cầu được đào tạo nâng hạng giấy phép lái xe khi giấy phép lái xe còn hiệu lực, phải có đủ thời gian lái xe an toàn quy định cho từng hạng giấy phép lái xe; đối với việc nâng hạng giấy phép lái xe lên hạng D1, D2, D thì người có nhu cầu được đào tạo còn phải có trình độ từ trung học cơ sở trở lên.']","Để được cấp Giấy phép lái xe (GPLX) hạng C, bạn cần đáp ứng các điều kiện và thực hiện theo quy trình sau:

### 1. Điều kiện về độ tuổi và sức khỏe
- **Độ tuổi:** Người đủ **21 tuổi** trở lên mới được cấp GPLX hạng C [Điều 59, Khoản 1, Điểm c — Luật Trật tự ATGT đường bộ 2024 (36/2024/QH15)].
- **Sức khỏe:** Phải bảo đảm điều kiện sức khỏe phù hợp với loại phương tiện được phép điều khiển theo quy định của Bộ trưởng Bộ Y tế [Điều 59, Khoản 2 — Luật Trật tự ATGT đường bộ 2024 (36/2024/QH15)].

### 2. Điều kiện về đào tạo và sát hạch
- **Đào tạo:** Bạn phải được đào tạo tại các cơ sở đào tạo lái xe theo đúng hình thức, nội dung và chương trình quy định cho hạng C [Điều 60, Khoản 2, Khoản 6 — Luật Trật tự ATGT đường bộ 2024 (36/2024/QH15)].
- **Nâng hạng:** GPLX hạng C phải được đào tạo bằng hình thức đào tạo nâng hạng [Điều 60, Khoản 5 — Luật Trật tự ATGT đường bộ 2024 (36/2024/QH15)].
- **Sát hạch:** Phải có tên trong danh sách học viên của báo cáo 1 (đối với người dự sát hạch lần đầu) và đạt kết quả trong kỳ sát hạch [Điều 28, Khoản 3 — Thông tư 35/2024/TT-BGTVT (35/2024/TT-BGTVT)].

### 3. Hồ sơ dự sát hạch
Cơ sở đào tạo lái xe sẽ lập 01 bộ hồ sơ gửi Sở Giao thông vận tải, bao gồm:
- Hồ sơ quy định tại khoản 2 Điều 15 Thông tư 35/2024/TT-BGTVT (được xác nhận hoàn thành khóa đào tạo hoặc chứng chỉ sơ cấp nghề/đào tạo) [Điều 29, Khoản 2, Điểm a — Thông tư 35/2024/TT-BGTVT (35/2024/TT-BGTVT)].
- Chứng chỉ đào tạo hoặc xác nhận hoàn thành khóa đào tạo [Điều 29, Khoản 2, Điểm b — Thông tư 35/2024/TT-BGTVT (35/2024/TT-BGTVT)].
- Danh sách đề nghị sát hạch có tên người dự sát hạch [Điều 29, Khoản 2, Điểm c — Thông tư 35/2024/TT-BGTVT (35/2024/TT-BGTVT)].
- Giấy khám sức khỏe của người lái xe do cơ sở khám bệnh, chữa bệnh đủ tiêu chuẩn cấp và còn hiệu lực [Điều 29, Khoản 2, Điểm d — Thông tư 35/2024/TT-BGTVT (35/2024/TT-BGTVT)].

### 4. Lưu ý quan trọng
- **Vi phạm hành chính:** Bạn sẽ không được sát hạch cấp GPLX nếu đang vi phạm trật tự, an toàn giao thông đường bộ mà chưa thực hiện xong yêu cầu của cơ quan nhà nước có thẩm quyền về giải quyết, xử lý vụ việc [Điều 34, Khoản 3 — Thông tư 35/2024/TT-BGTVT (35/2024/TT-BGTVT)].
- **Tiêu chuẩn sức khỏe:** Việc khám sức khỏe cho hạng C áp dụng theo tiêu chuẩn sức khỏe **Nhóm 3** [Điều 2, Khoản 2, Điểm c — Thông tư 36/2024/TT-BYT (36/2024/TT-BYT)].",Người từ đủ 21 tuổi trở lên; đủ điều kiện sức khỏe; có chứng chỉ đào tạo lái xe và đạt kết quả kỳ sát hạch theo quy định.,0.7272727272727273,,0.99999999998,1.0
RQ-019,agentic_rag,Hành vi nào dẫn đến bị thu hồi Giấy phép lái xe theo luật 2024?,"['Văn bản: Thông tư 35/2024/TT-BGTVT (Đào tạo sát hạch GPLX) | Điều 40: Thu hồi giấy phép lái xe\n## Điều 40. Thu hồi giấy phép lái xe\n1. Cơ quan có thẩm quyền cấp giấy phép lái xe thực hiện thu hồi theo trình tự sau:\na) Sau 03 ngày kể từ ngày phát hiện người có giấy phép lái xe thuộc một trong các trường hợp quy định tại khoản 5 Điều 62 Luật Trật tự, an toàn giao thông đường bộ, thủ trưởng cơ quan có thẩm quyền cấp giấy phép lái xe ra quyết định thu hồi để hủy bỏ giấy phép lái xe. Nội dung của quyết định nêu rõ lý do thu hồi và hủy bỏ; b) Trong thời hạn 05 ngày làm việc kể từ ngày nhận được Quyết định thu hồi giấy phép lái xe, cá nhân phải nộp giấy phép lái xe bị thu hồi đến cơ quan thu hồi giấy phép lái xe và cơ quan có thẩm quyền cấp giấy phép lái xe có trách nhiệm thu hồi giấy phép lái xe đã cấp và hủy bỏ theo quy định; c) Trường hợp cơ quan có thẩm quyền cấp giấy phép lái xe đã sáp nhập, chia, tách, giải thể, hết thẩm quyền cấp thì cơ quan có thẩm quyền thu hồi, hủy bỏ giấy phép lái xe là cơ quan đang quản lý sổ gốc cấp giấy phép lái xe.\n2. Xử lý đối với trường hợp giấy phép lái xe bị thu hồi a) Giấy phép lái xe bị thu hồi theo quy định tại điểm a và điểm b khoản 5 Điều 62 Luật Trật tự, an toàn giao thông đường bộ; hồ sơ, trình tự thực hiện cấp lại giấy phép lái xe thực hiện theo quy định tại khoản 2, khoản 3 và khoản\n4 Điều 36 Thông tư này; b) Giấy phép lái xe bị thu hồi theo quy định tại điểm c khoản 5 Điều 62 Luật Trật tự, an toàn giao thông đường bộ không có giá trị sử dụng, cơ quan quản lý giấy phép lái xe cập nhật dữ liệu về hành vi vi phạm trên hệ thống thông tin giấy phép lái xe tại Cục Đường bộ Việt Nam kể từ ngày phát hiện hành vi vi phạm; ngoài ra, người có hành vi vi phạm không được cấp giấy phép lái xe trong thời hạn 05 năm, kể từ ngày phát hiện hành vi vi phạm;\n\nsau thời hạn 05 năm, kể từ ngày phát hiện hành vi vi phạm nếu có nhu cầu cấp lại giấy phép lái xe phải học và sát hạch lại như trường hợp cấp giấy phép lái xe lần đầu.\n# Phần III\nCẤP, SỬ DỤNG GIẤY PHÉP LÁI XE QUỐC TẾ\n# Chương I\nCẤP GIẤY PHÉP LÁI XE QUỐC TẾ', 'Văn bản: Thông tư 12/2025/TT-BCA (Quy trình cấp GPLX) | Điều 25: Thu hồi giấy phép lái xe\n## Điều 25. Thu hồi giấy phép lái xe\n1. Cơ quan có thẩm quyền cấp giấy phép lái xe thực hiện thu hồi theo trình tự sau:\na) Trong thời hạn 03 ngày làm việc, kể từ ngày phát hiện người có giấy phép lái xe thuộc một trong các trường hợp quy định tại khoản 5 Điều 62 Luật Trật tự, an toàn giao thông đường bộ, Cục trưởng Cục Cảnh sát giao thông ra quyết định thu hồi để hủy bỏ giấy phép lái xe (nội dung của quyết định nêu rõ lý do thu hồi và hủy bỏ) và hủy bỏ việc tích hợp giấy phép lái xe điện tử trên hệ thống dữ liệu điện tử, tài khoản định danh điện tử; b) Trong thời hạn 05 ngày làm việc, kể từ ngày nhận được quyết định thu hồi giấy phép lái xe, cá nhân phải nộp giấy phép lái xe bị thu hồi đến Phòng Cảnh sát giao thông, Phòng cảnh sát giao thông có trách nhiệm tiếp nhận giấy phép lái xe bị thu hồi và hủy bỏ theo quy định.\n2. Xử lý đối với trường hợp giấy phép lái xe bị thu hồi a) Giấy phép lái xe bị thu hồi theo quy định tại điểm a, b khoản 5 Điều 62 Luật Trật tự, an toàn giao thông đường bộ; hồ sơ, trình tự thực hiện cấp lại giấy phép lái xe thực hiện theo quy định tại các khoản 2, 3, 4 Điều 21 Thông tư này; b) Giấy phép lái xe bị thu hồi theo quy định tại điểm c khoản 5 Điều 62 Luật Trật tự, an toàn giao thông đường bộ không có giá trị sử dụng, cơ quan quản lý giấy phép lái xe cập nhật dữ liệu về hành vi vi phạm trên hệ thống thông tin giấy phép lái xe tại Cục Cảnh sát giao thông kể từ ngày phát hiện hành vi vi phạm; ngoài ra, người có hành vi vi phạm không được cấp giấy phép lái xe trong thời hạn 05 năm, kể từ ngày phát hiện hành vi vi phạm; sau thời hạn 05 năm, kể từ ngày phát hiện hành vi vi phạm nếu có nhu cầu cấp lại giấy phép lái xe phải học và sát hạch lại như trường hợp cấp giấy phép lái xe lần đầu.\n# Chương IV\nCẤP, SỬ DỤNG GIẤY PHÉP LÁI XE QUỐC TẾ', 'Văn bản: Thông tư 35/2024/TT-BGTVT (Đào tạo sát hạch GPLX) | Điều 35: Cấp lại giấy phép lái xe\n## Điều 35. Cấp lại giấy phép lái xe\n1. Người có giấy phép lái xe bị mất, còn thời hạn sử dụng được xét cấp lại giấy phép lái xe. Việc cấp lại giấy phép lái xe bị mất thực hiện theo quy định tại các khoản 2, khoản 3 và khoản 4 Điều 36 Thông tư này.\n2. Ngày trúng tuyển ghi tại mặt sau giấy phép lái xe được tính theo ngày trúng tuyển của giấy phép lái xe cũ.\n3. Không cấp lại giấy phép lái xe đối với các trường hợp sau: giấy phép lái xe không có trong hệ thống thông tin giấy phép lái xe tại Cục Đường bộ Việt Nam, bảng kê danh sách cấp giấy phép lái xe (sổ quản lý); chưa cấp lại giấy phép lái xe đối với người vi phạm trật tự, an toàn giao thông đường bộ chưa thực hiện xong yêu cầu của cơ quan nhà nước có thẩm quyền về giải quyết, xử lý vụ việc vi phạm hành chính trong lĩnh vực trật tự, an toàn giao thông đường bộ.', 'Văn bản: Luật Trật tự ATGT đường bộ 2024 | Điều 62: Cấp, đổi, cấp lại và thu hồi giấy phép lái xe\n6. Bộ trưởng Bộ Giao thông vận tải quy định điều kiện, trình tự, thủ tục về cấp, đổi, cấp lại và thu hồi giấy phép lái xe, trừ trường hợp quy định tại khoản 7 Điều này.', 'Văn bản: Luật Trật tự ATGT đường bộ 2024 | Điều 62: Cấp, đổi, cấp lại và thu hồi giấy phép lái xe\n4. Chưa cấp, đổi, cấp lại giấy phép lái xe đối với người vi phạm pháp luật về trật tự, an toàn giao thông đường bộ khi người đó chưa thực hiện xong yêu cầu của cơ quan nhà nước có thẩm quyền về giải quyết vụ việc vi phạm hành chính trong lĩnh vực trật tự, an toàn giao thông đường bộ.']","### Các trường hợp bị thu hồi Giấy phép lái xe (GPLX)

Theo quy định tại Luật Trật tự, an toàn giao thông đường bộ 2024, Giấy phép lái xe bị thu hồi khi thuộc một trong các trường hợp sau đây:

- Người được cấp giấy phép lái xe không đủ điều kiện sức khỏe theo kết luận của cơ sở khám bệnh, chữa bệnh đối với từng hạng giấy phép lái xe [Điều 62, Khoản 5, Điểm a — Luật Trật tự, ATGT đường bộ 2024].
- Giấy phép lái xe được cấp sai quy định [Điều 62, Khoản 5, Điểm b — Luật Trật tự, ATGT đường bộ 2024].
- Giấy phép lái xe đã quá thời hạn tạm giữ hoặc hết thời hiệu thi hành quyết định xử phạt vi phạm hành chính theo quy định của pháp luật về xử lý vi phạm hành chính nếu người vi phạm không đến nhận mà không có lý do chính đáng [Điều 62, Khoản 5, Điểm c — Luật Trật tự, ATGT đường bộ 2024].",GPLX bị thu hồi khi: Người được cấp không đủ điều kiện sức khỏe; GPLX được cấp sai quy định; GPLX quá thời hạn tạm giữ hoặc hết thời hiệu thi hành quyết định xử phạt mà người vi phạm không đến nhận.,0.0,,0.94999999997625,0.0
RQ-020,agentic_rag,Xe máy điện có cần phải đăng ký biển số không?,"['Văn bản: Thông tư 79/2024/TT-BCA (Đăng ký xe) | Điều 3: Đồng chí…………………………………chịu trách nhiệm thi hành Quyết định này./.\n8. Quy định biển số xe sử dụng năng lượng xanh, năng lượng sạch, thân thiện môi trường có gắn tem nhận diện màu xanh lá cây\nVí dụ: Trên biển số hình vẽ H13 thể hiện:\n- Hai số đầu là ký hiệu địa phương đăng ký xe (theo phụ lục 02 ban hành kèm theo Thông tư số 79/2024/TT-BCA và sê ri đăng ký được quy định tại Điều 37 Thông tư này.\n- Nhóm số thứ hai là thứ tự xe đăng ký gồm 05 chữ số tự nhiên, từ 000.01 đến 999.99.\n- Tem biểu tượng nhận diện biển số xe điện, xe sử dụng năng lượng xanh, thân thiện môi trường (do cán bộ đăng ký xe dán trước khi cấp biển).', 'Văn bản: Thông tư 79/2024/TT-BCA (Đăng ký xe) | Điều 17: Thủ tục đăng ký sang tên xe\n2. Thủ tục đăng ký a) Tổ chức, cá nhân nhận chuyển quyền sở hữu xe kê khai giấy khai đăng ký xe theo quy định tại Điều 9 Thông tư này; đưa xe đến để kiểm tra và nộp hồ sơ theo quy định tại khoản 2 Điều 16 Thông tư này; b) Sau khi kiểm tra hồ sơ xe, thực tế xe đảm bảo hợp lệ thì được cơ quan đăng ký xe cấp chứng nhận đăng ký xe, biển số xe theo quy định tại điểm b khoản 2 Điều 14 Thông tư này; c) Nhận giấy hẹn trả kết quả, nộp lệ phí đăng ký xe và nhận biển số xe (trường hợp được cấp biển số xe theo quy định tại điểm c khoản 2 Điều 14 Thông tư này); trường hợp chủ xe có nhu cầu nhận trả kết quả đăng ký xe qua dịch vụ bưu chính công ích thì đăng ký với đơn vị dịch vụ bưu chính công ích; d) Nhận chứng nhận đăng ký xe tại cơ quan đăng ký xe hoặc từ đơn vị dịch vụ bưu chính công ích.\nTrường hợp biển số xe đã được cấp là biển 3 số hoặc biển 4 số thì đổi sang biển số định danh theo quy định tại\nThông tư này.\n\nMục 3. ĐỔI CHỨNG NHẬN ĐĂNG KÝ XE, BIỂN SỐ XE', 'Văn bản: Thông tư 79/2024/TT-BCA (Đăng ký xe) | Điều 39: Điều khoản chuyển tiếp\n7. Giấy chứng nhận đăng ký xe máy chuyên dùng, biển số xe máy chuyên dùng đã được ngành Giao thông vận tải cấp trước **ngày 01 tháng 01 năm 2025** thì tiếp tục được sử dụng đến hết **ngày 31 tháng 12 năm 2026**; từ ngày\n01 tháng 01 năm 2027 phải sử dụng chứng nhận đăng ký xe, biển số xe theo quy định tại Thông tư này.\nKhi làm thủ tục đăng ký sang tên xe, đổi, cấp lại, thu hồi chứng nhận đăng ký xe máy chuyên dùng, biển số xe máy chuyên dùng đã được ngành Giao thông vận tải đăng ký trước **ngày 01 tháng 01 năm 2025** thì cơ quan đăng ký xe căn cứ hồ sơ đăng ký xe hợp lệ do ngành Giao thông vận tải bàn giao để làm thủ tục theo quy định.', 'Văn bản: Thông tư 79/2024/TT-BCA (Đăng ký xe) | Điều 14: Thủ tục đăng ký xe lần đầu\n1. Thực hiện đăng ký xe lần đầu xe sản xuất lắp ráp và nhập khẩu bằng dịch vụ công trực tuyến toàn trình cho công dân Việt Nam:\nđ) Cán bộ đăng ký xe nhận hồ sơ theo quy định tại khoản 3 Điều 6 Thông tư này để kiểm tra, đối chiếu với dữ liệu trên hệ thống đăng ký, quản lý xe, ký xác nhận đã kiểm tra, đối chiếu lên bản chà số máy, số khung của xe để lưu vào hồ sơ đăng ký xe; quét bản chà số máy, số khung của xe và tải lên hệ thống đăng ký, quản lý xe.', 'Văn bản: Thông tư 79/2024/TT-BCA (Đăng ký xe) | Điều 14: Thủ tục đăng ký xe lần đầu\n1. Thực hiện đăng ký xe lần đầu xe sản xuất lắp ráp và nhập khẩu bằng dịch vụ công trực tuyến toàn trình cho công dân Việt Nam:\na) Chủ xe thực hiện quy định tại khoản 3 Điều 6 Thông tư này, đăng ký sử dụng dịch vụ bưu chính công ích để nhận chứng nhận đăng ký xe, biển số xe và nộp hồ sơ theo quy định cho cơ quan đăng ký xe.']","### Quy định về đăng ký xe máy điện

Theo quy định, xe máy điện thuộc nhóm xe mô tô (bao gồm xe mô tô hai bánh, xe mô tô ba bánh, xe gắn máy và các loại xe tương tự) [Điều 4, Khoản 1, Điểm b — Thông tư 155/2025/TT-BTC]. Chủ xe có trách nhiệm chấp hành các quy định về cấp, thu hồi chứng nhận đăng ký xe và biển số xe [Điều 43, Khoản 2, Điểm a — Luật Trật tự ATGT đường bộ 2024].

Để thực hiện đăng ký xe, chủ xe cần tuân thủ các bước sau:

### 1. Các hình thức đăng ký xe
- **Đăng ký trực tuyến toàn trình:** Áp dụng cho xe sản xuất, lắp ráp và nhập khẩu. Chủ xe thực hiện trên cổng dịch vụ công hoặc ứng dụng định danh quốc gia, nộp lệ phí qua tiện ích thanh toán tích hợp và nhận kết quả qua dịch vụ bưu chính công ích [Điều 14, Khoản 1 — Thông tư 79/2024/TT-BCA].
- **Đăng ký trực tuyến một phần:** Chủ xe kê khai trên cổng dịch vụ công, sau đó đưa xe đến cơ quan đăng ký xe để kiểm tra thực tế và nộp các giấy tờ liên quan [Điều 14, Khoản 2 — Thông tư 79/2024/TT-BCA].
- **Đăng ký trực tiếp:** Chủ xe kê khai giấy khai đăng ký xe và đưa xe đến cơ quan đăng ký xe để kiểm tra, nộp hồ sơ theo quy định [Điều 14, Khoản 3 — Thông tư 79/2024/TT-BCA].

### 2. Lưu ý quan trọng
- **Điều kiện giải quyết:** Tổ chức, cá nhân vi phạm pháp luật về trật tự, an toàn giao thông đường bộ mà chưa thực hiện xong yêu cầu của cơ quan nhà nước có thẩm quyền về giải quyết vụ việc vi phạm hành chính thì chưa được giải quyết việc đăng ký phương tiện [Điều 3, Khoản 10 — Thông tư 79/2024/TT-BCA] [Điều 43, Khoản 2, Điểm d — Luật Trật tự ATGT đường bộ 2024].
- **Biển số xe:** Biển số xe được quản lý theo mã định danh của chủ xe [Điều 36, Khoản 3 — Luật Trật tự ATGT đường bộ 2024].
- **Xe sử dụng năng lượng xanh:** Đối với xe sử dụng năng lượng sạch, năng lượng xanh, thân thiện môi trường (bao gồm xe điện), biển số xe sẽ được gắn tem nhận diện màu xanh lá cây [Điều 3, Khoản 8 — Thông tư 79/2024/TT-BCA].","Xe máy điện thuộc nhóm xe cơ giới đường bộ và bắt buộc phải đăng ký, gắn biển số theo quy định của cơ quan nhà nước có thẩm quyền.",0.65,,0.99999999998,1.0
RQ-026,agentic_rag,vượt tín hiệu đường sắt,"['Văn bản: Nghị định 81/2026/NĐ-CP (Xử phạt vi phạm hành chính lĩnh vực giao thông đường sắt) | Điều 5: Xử phạt các hành vi vi phạm quy định về lắp đặt hệ thống báo hiệu, thiết bị tại đường ngang, cầu chung; kết nối tín hiệu đèn giao thông đường bộ với tín hiệu đèn báo hiệu trên đường bộ tại đường ngang, cầu chung; cung cấp thông tin hỗ trợ cảnh giới tại các điểm giao cắt giữa đường bộ và đường sắt\n3. **Phạt tiền từ 8.000.000 đồng đến 10.000.000 đồng** đối với tổ chức được giao quản lý, khai thác, bảo trì kết cấu hạ tầng giao thông đường sắt, đường bộ, thực hiện một trong các hành vi vi phạm sau đây:\nb) Không thông báo kịp thời, không phối hợp với lực lượng chức năng điều hành giao thông để bảo đảm an toàn giao thông qua đường ngang khi xảy ra sự cố hư hỏng đèn báo hiệu trên đường bộ tại đường ngang thuộc phạm vi quản lý', 'Văn bản: Nghị định 81/2026/NĐ-CP (Xử phạt vi phạm hành chính lĩnh vực giao thông đường sắt) | Điều 13: Xử phạt các hành vi vi phạm quy định về quy tắc giao thông tại đường ngang, cầu chung, hầm đường sắt\n2. **Phạt tiền từ 200.000 đồng đến 300.000 đồng** đối với người đi bộ vượt rào chắn đường ngang, cầu chung khi chắn đã đóng; vượt qua đường ngang khi đèn đỏ đã bật sáng; không chấp hành hiệu lệnh, chỉ dẫn của biển báo hiệu, vạch kẻ đường hoặc hướng dẫn của nhân viên gác đường ngang, cầu chung, hầm khi đi qua đường ngang, cầu chung, hầm.', 'Văn bản: Nghị định 81/2026/NĐ-CP (Xử phạt vi phạm hành chính lĩnh vực giao thông đường sắt) | Điều 13: Xử phạt các hành vi vi phạm quy định về quy tắc giao thông tại đường ngang, cầu chung, hầm đường sắt\n8. **Phạt tiền từ 8.000.000 đồng đến 10.000.000 đồng** đối với người điều khiển máy kéo, xe máy chuyên dùng vượt rào chắn đường ngang, cầu chung khi chắn đang dịch chuyển; vượt đường ngang, cầu chung khi đèn đỏ đã bật sáng; không chấp hành hiệu lệnh, chỉ dẫn của nhân viên gác đường ngang, cầu chung khi đi qua đường ngang, cầu chung.', 'Văn bản: Nghị định 81/2026/NĐ-CP (Xử phạt vi phạm hành chính lĩnh vực giao thông đường sắt) | Điều 13: Xử phạt các hành vi vi phạm quy định về quy tắc giao thông tại đường ngang, cầu chung, hầm đường sắt\n6. **Phạt tiền từ 4.000.000 đồng đến 6.000.000 đồng** đối với người điều khiển xe mô tô, xe gắn máy (kể cả xe máy điện), các loại xe tương tự xe mô tô và các loại xe tương tự xe gắn máy vượt rào chắn đường ngang, cầu chung khi chắn đang dịch chuyển; vượt đường ngang, cầu chung khi đèn đỏ đã bật sáng; không chấp hành hiệu lệnh, chỉ dẫn của biển báo hiệu, vạch kẻ đường hoặc chỉ dẫn của nhân viên gác đường ngang, cầu chung khi đi qua đường ngang, cầu chung.', 'Văn bản: Nghị định 81/2026/NĐ-CP (Xử phạt vi phạm hành chính lĩnh vực giao thông đường sắt) | Điều 5: Xử phạt các hành vi vi phạm quy định về lắp đặt hệ thống báo hiệu, thiết bị tại đường ngang, cầu chung; kết nối tín hiệu đèn giao thông đường bộ với tín hiệu đèn báo hiệu trên đường bộ tại đường ngang, cầu chung; cung cấp thông tin hỗ trợ cảnh giới tại các điểm giao cắt giữa đường bộ và đường sắt\n## Điều 5. Xử phạt các hành vi vi phạm quy định về lắp đặt hệ thống báo hiệu, thiết bị tại đường ngang, cầu chung; kết nối tín hiệu đèn giao thông đường bộ với tín hiệu đèn báo hiệu trên đường bộ tại đường ngang, cầu chung; cung cấp thông tin hỗ trợ cảnh giới tại các điểm giao cắt giữa đường bộ và đường sắt']","Câu hỏi của bạn liên quan đến nhiều hành vi vi phạm quy định về tín hiệu tại đường ngang, cầu chung theo Nghị định 81/2026/NĐ-CP. Dưới đây là các trường hợp cụ thể:

### Trường hợp 1: Người đi bộ
- Hành vi: Vượt qua đường ngang khi đèn đỏ đã bật sáng.
- Mức phạt: Phạt tiền từ **200.000 đồng** đến **300.000 đồng** [Điều 13, Khoản 2 — Nghị định 81/2026/NĐ-CP].

### Trường hợp 2: Người điều khiển xe đạp, xe đạp máy, xe thô sơ
- Hành vi: Vượt đường ngang, cầu chung khi đèn đỏ đã bật sáng.
- Mức phạt: Phạt tiền từ **1.000.000 đồng** đến **2.000.000 đồng** [Điều 13, Khoản 4 — Nghị định 81/2026/NĐ-CP].

### Trường hợp 3: Người điều khiển xe mô tô, xe gắn máy (kể cả xe máy điện)
- Hành vi: Vượt đường ngang, cầu chung khi đèn đỏ đã bật sáng.
- Mức phạt: Phạt tiền từ **4.000.000 đồng** đến **6.000.000 đồng** [Điều 13, Khoản 6 — Nghị định 81/2026/NĐ-CP].
- Hình thức bổ sung: Tước quyền sử dụng Giấy phép lái xe từ **01 tháng** đến **03 tháng** [Điều 13, Khoản 11 — Nghị định 81/2026/NĐ-CP].

### Trường hợp 4: Người điều khiển máy kéo, xe máy chuyên dùng
- Hành vi: Vượt đường ngang, cầu chung khi đèn đỏ đã bật sáng.
- Mức phạt: Phạt tiền từ **8.000.000 đồng** đến **10.000.000 đồng** [Điều 13, Khoản 8 — Nghị định 81/2026/NĐ-CP].
- Hình thức bổ sung: Tước quyền sử dụng Giấy phép lái xe từ **01 tháng** đến **03 tháng** [Điều 13, Khoản 11 — Nghị định 81/2026/NĐ-CP].

### Trường hợp 5: Người điều khiển xe ô tô và các loại xe tương tự xe ô tô
- Hành vi: Vượt đường ngang, cầu chung khi đèn đỏ đã bật sáng.
- Mức phạt: Phạt tiền từ **18.000.000 đồng** đến **20.000.000 đồng** [Điều 13, Khoản 9 — Nghị định 81/2026/NĐ-CP].
- Hình thức bổ sung: Tước quyền sử dụng Giấy phép lái xe từ **01 tháng** đến **03 tháng** [Điều 13, Khoản 11 — Nghị định 81/2026/NĐ-CP].","Hành vi vượt qua đường ngang đường sắt khi đèn nhấp nháy/chuông kêu/rào chắn dịch chuyển hoặc đã đóng bị phạt 4.000.000 - 6.000.000 đồng đối với xe mô tô (Điều 7 Khoản 6 NĐ 81/2026), 18.000.000 - 20.000.000 đồng đối với ô tô (Điều 13 Khoản 9 NĐ 81/2026). Đối với hành vi vượt đèn tín hiệu giao thông tổng quát tại đường ngang, áp dụng Điều 6 Khoản 9 (ô tô) và Điều 7 Khoản 7 (xe máy) NĐ 168/2024.",0.6363636363636364,,0.99999999998,0.5
RQ-027,agentic_rag,không có gương xe máy,"['Văn bản: Nghị định 168/2024/NĐ-CP (Xử phạt VPHC đường bộ) | Điều 14: Xử phạt, trừ điểm giấy phép lái xe của người điều khiển xe mô tô, xe gắn máy, các loại xe tương tự xe mô tô và các loại xe tương tự xe gắn máy vi phạm quy định về điều kiện của phương tiện khi tham gia giao thông\n1. **Phạt tiền từ 400.000 đồng đến 600.000 đồng** đối với một trong các hành vi vi phạm sau đây:\nđ) Điều khiển xe lắp đèn chiếu sáng về phía sau xe.', 'Văn bản: Nghị định 168/2024/NĐ-CP (Xử phạt VPHC đường bộ) | Điều 7: Xử phạt, trừ điểm giấy phép lái của người điều khiển xe mô tô, xe gắn máy, các loại xe tương tự xe mô tô và các loại xe tương tự xe gắn máy vi phạm quy tắc giao thông đường bộ\n1. **Phạt tiền từ 200.000 đồng đến 400.000 đồng** đối với người điều khiển xe thực hiện một trong các hành vi vi phạm sau đây:\nh) Tránh xe không đúng quy định; sử dụng đèn chiếu xa khi gặp người đi bộ qua đường hoặc khi đi trên đoạn đường qua khu dân cư có hệ thống chiếu sáng đang hoạt động hoặc khi gặp xe đi ngược chiều (trừ trường hợp dải phân cách có khả năng chống chói) hoặc khi chuyển hướng xe tại nơi đường giao nhau; không nhường đường cho xe đi ngược chiều theo quy định tại nơi đường hẹp, đường dốc, nơi có chướng ngại vật', 'Văn bản: Nghị định 168/2024/NĐ-CP (Xử phạt VPHC đường bộ) | Điều 14: Xử phạt, trừ điểm giấy phép lái xe của người điều khiển xe mô tô, xe gắn máy, các loại xe tương tự xe mô tô và các loại xe tương tự xe gắn máy vi phạm quy định về điều kiện của phương tiện khi tham gia giao thông\n4. Tịch thu phương tiện đối với hành vi điều khiển loại xe sản xuất, lắp ráp trái quy định tham gia giao thông.', 'Văn bản: Nghị định 168/2024/NĐ-CP (Xử phạt VPHC đường bộ) | Điều 14: Xử phạt, trừ điểm giấy phép lái xe của người điều khiển xe mô tô, xe gắn máy, các loại xe tương tự xe mô tô và các loại xe tương tự xe gắn máy vi phạm quy định về điều kiện của phương tiện khi tham gia giao thông\n5. Ngoài việc bị phạt tiền, người điều khiển xe thực hiện hành vi vi phạm còn bị áp dụng các hình thức xử phạt bổ sung sau đây:', 'Văn bản: Nghị định 168/2024/NĐ-CP (Xử phạt VPHC đường bộ) | Điều 14: Xử phạt, trừ điểm giấy phép lái xe của người điều khiển xe mô tô, xe gắn máy, các loại xe tương tự xe mô tô và các loại xe tương tự xe gắn máy vi phạm quy định về điều kiện của phương tiện khi tham gia giao thông\n5. Ngoài việc bị phạt tiền, người điều khiển xe thực hiện hành vi vi phạm còn bị áp dụng các hình thức xử phạt bổ sung sau đây:\na) Thực hiện hành vi quy định tại điểm a khoản 3 Điều này bị tịch thu biển số xe']","⚠️ Lưu ý: Thông tin tra cứu từ Internet mở, hãy cẩn trọng.

Theo Nghị định 168/2024/NĐ-CP (có hiệu lực từ ngày 01/01/2025), quy định về gương chiếu hậu xe máy như sau:

**1. Mức xử phạt:**
Người điều khiển xe mô tô, xe gắn máy (bao gồm cả xe máy điện) sẽ bị phạt tiền từ **400.000 đồng đến 600.000 đồng** nếu vi phạm hành vi:
*   Không có gương chiếu hậu bên trái người điều khiển.
*   Có gương chiếu hậu bên trái nhưng không có tác dụng.

**2. Quy định về lắp đặt gương:**
*   **Xe gắn máy (nhóm L1, L2 - bao gồm xe máy điện):** Bắt buộc phải lắp ít nhất **một gương chiếu hậu ở bên trái** người lái.
*   **Xe mô tô (nhóm L3, L4, L5):** Bắt buộc phải lắp gương chiếu hậu ở **cả bên trái và bên phải** người lái.
*   **Lưu ý:** Pháp luật hiện tại chỉ quy định xử phạt hành vi không có gương bên trái hoặc gương không có tác dụng. Chưa có quy định xử phạt đối với trường hợp xe mô tô thiếu gương bên phải, tuy nhiên theo quy chuẩn kỹ thuật (QCVN 14:2024/BGTVT), các loại xe này vẫn bắt buộc phải lắp đủ gương theo thiết kế.
*   Gương phải được lắp đặt chắc chắn, người lái có thể điều chỉnh được vùng quan sát và đáp ứng các yêu cầu kỹ thuật theo QCVN 28:2024/BGTVT.

Nguồn:
[1] https://luatvietnam.vn/hanh-chinh/quy-dinh-tai-nghi-dinh-168-ve-guong-xe-may-570-103991-article.html
[2] https://vov.vn/xa-hoi/xe-may-lap-1-guong-co-bi-phat-khong-post1159171.vov
[3] https://thuvienphapluat.vn/phap-luat/ho-tro-phap-luat/muc-xu-phat-vi-pham-giao-thong-xe-may-o-to-2025-cac-loi-thuong-gap-moi-nhat-theo-nghi-dinh-168-999966-197118.html
[4] https://aigiaoduc.thuvienphapluat.vn/xe-may-dien-co-phai-lap-guong-khong-hoc-sinh-di-xe-may-dien-khong-lap-guong-bi-phat-bao-nhieu-tien-695tt.html","Người điều khiển xe mô tô, xe gắn máy không có gương chiếu hậu bên trái người điều khiển hoặc có nhưng không có tác dụng bị phạt từ 400.000 đồng đến 600.000 đồng theo Điều 13 Khoản 1 Điểm a Nghị định 168/2024/NĐ-CP.",0.0,,0.99999999998,0.0
RQ-028,agentic_rag,đèn vàng có vượt được không,"['Văn bản: Luật Trật tự ATGT đường bộ 2024 | Điều 11: Chấp hành báo hiệu đường bộ\n4. Tín hiệu đèn giao thông có 03 màu, gồm: màu xanh, màu vàng, màu đỏ; có hiển thị thời gian hoặc không hiển thị thời gian. Người tham gia giao thông đường bộ phải chấp hành như sau:\na) Tín hiệu đèn màu xanh là được đi; trường hợp người đi bộ, xe lăn của người khuyết tật đang đi ở lòng đường, người điều khiển phương tiện tham gia giao thông đường bộ phải giảm tốc độ hoặc dừng lại nhường đường cho người đi bộ, xe lăn của người khuyết tật qua đường; b) Tín hiệu đèn màu vàng phải dừng lại trước vạch dừng; trường hợp đang đi trên vạch dừng hoặc đã đi qua vạch dừng mà tín hiệu đèn màu vàng thì được đi tiếp; trường hợp tín hiệu đèn màu vàng nhấp nháy, người điều khiển phương tiện tham gia giao thông đường bộ được đi nhưng phải quan sát, giảm tốc độ hoặc dừng lại nhường đường cho người đi bộ, xe lăn của người khuyết tật qua đường hoặc các phương tiện khác; c) Tín hiệu đèn màu đỏ là cấm đi.', 'Văn bản: Nghị định 168/2024/NĐ-CP (Xử phạt VPHC đường bộ) | Điều 8: Xử phạt người điều khiển xe máy chuyên dùng vi phạm quy tắc giao thông đường bộ\n7. **Phạt tiền từ 6.000.000 đồng đến 8.000.000 đồng** đối với người điều khiển xe thực hiện một trong các hành vi vi phạm sau đây:\nc) Không chấp hành hiệu lệnh của đèn tín hiệu giao thông', 'Văn bản: Luật Trật tự ATGT đường bộ 2024 | Điều 24: Giao thông tại đường ngang, cầu chung đường sắt\n## Điều 24. Giao thông tại đường ngang, cầu chung đường sắt\n1. Khi có hiệu lệnh của nhân viên gác chắn, đèn đỏ sáng nhấp nháy, chuông kêu, chắn đường bộ đang dịch chuyển hoặc đã đóng, người tham gia giao thông đường bộ phải dừng lại về bên phải đường của mình, trước vạch dừng xe.\n2. Khi tới đường ngang không có người gác, chắn đường bộ, chuông, đèn tín hiệu, người tham gia giao thông đường bộ phải dừng lại về bên phải đường của mình, trước vạch dừng xe và quan sát hai phía, khi\n\nkhông có phương tiện giao thông đường sắt tới mới được đi qua.\n3. Khi phương tiện tham gia giao thông đường bộ bị hư hỏng, bị tai nạn hoặc hàng hóa rơi đổ trên đường ngang, cầu chung đường sắt mà không thể di chuyển ngay khỏi phạm vi an toàn đường sắt, người điều khiển phương tiện tham gia giao thông đường bộ và người có mặt phải ngay lập tức báo hiệu để dừng tàu, thực hiện các biện pháp bảo đảm an toàn.', 'Văn bản: Nghị định 168/2024/NĐ-CP (Xử phạt VPHC đường bộ) | Điều 6: Xử phạt, trừ điểm giấy phép lái xe của người điều khiển xe ô tô, xe chở người bốn bánh có gắn động cơ, xe chở hàng bốn bánh có gắn động cơ và các loại xe tương tự xe ô tô vi phạm quy tắc giao thông đường bộ\n15. Ngoài việc bị phạt tiền, người điều khiển xe thực hiện hành vi vi phạm còn bị áp dụng các hình thức xử phạt bổ sung sau đây:\na) Thực hiện hành vi quy định tại điểm e khoản 5 Điều này còn bị tịch thu thiết bị phát tín hiệu ưu tiên lắp đặt, sử dụng trái quy định', 'Văn bản: Nghị định 168/2024/NĐ-CP (Xử phạt VPHC đường bộ) | Điều 6: Xử phạt, trừ điểm giấy phép lái xe của người điều khiển xe ô tô, xe chở người bốn bánh có gắn động cơ, xe chở hàng bốn bánh có gắn động cơ và các loại xe tương tự xe ô tô vi phạm quy tắc giao thông đường bộ\n9. **Phạt tiền từ 18.000.000 đồng đến 20.000.000 đồng** đối với người điều khiển xe thực hiện một trong các hành vi vi phạm sau đây:\nb) Không chấp hành hiệu lệnh của đèn tín hiệu giao thông']","### Quy định về tín hiệu đèn vàng

- Tín hiệu đèn màu vàng yêu cầu người điều khiển phương tiện phải **dừng lại trước vạch dừng**.
- Trường hợp phương tiện đang đi trên vạch dừng hoặc đã đi qua vạch dừng khi đèn chuyển sang màu vàng thì **được phép đi tiếp**.
- Trường hợp tín hiệu đèn màu vàng **nhấp nháy**, người điều khiển phương tiện được phép đi nhưng phải quan sát, giảm tốc độ hoặc dừng lại nhường đường cho người đi bộ, xe lăn của người khuyết tật qua đường hoặc các phương tiện khác [Điều 11, Khoản 4, Điểm b — Luật Trật tự ATGT đường bộ 2024 (36/2024/QH15)].

### Quy định xử phạt khi không chấp hành hiệu lệnh đèn tín hiệu giao thông

Nếu không chấp hành hiệu lệnh của đèn tín hiệu giao thông (bao gồm cả đèn vàng khi không thuộc trường hợp được đi tiếp), mức xử phạt như sau:

- **Đối với xe ô tô và các loại xe tương tự xe ô tô:** Phạt tiền từ **18.000.000 đồng** đến **20.000.000 đồng** + trừ **04 điểm** GPLX [Điều 6, Khoản 9, Điểm b — NĐ 168/2024/NĐ-CP] [Điều 6, Khoản 16, Điểm b — NĐ 168/2024/NĐ-CP].
- **Đối với xe máy chuyên dùng:** Phạt tiền từ **6.000.000 đồng** đến **8.000.000 đồng** [Điều 8, Khoản 7, Điểm c — NĐ 168/2024/NĐ-CP].","Theo Điều 11 Khoản 4 Luật Trật tự an toàn giao thông đường bộ 36/2024/QH15, khi tín hiệu đèn vàng, người điều khiển phương tiện phải dừng xe trước vạch dừng; trường hợp đã đi quá vạch dừng hoặc đã ở quá gần vạch dừng nếu dừng lại sẽ nguy hiểm thì được đi tiếp. Vi phạm bị phạt theo NĐ 168/2024 Điều 6 Khoản 9 (ô tô 18-20M, trừ 4 điểm) hoặc Điều 7 Khoản 7 (xe máy 4-6M, trừ 4 điểm).",0.8,,0.99999999998,0.5
RQ-029,agentic_rag,chở súc vật trên đường,"['Văn bản: Nghị định 81/2026/NĐ-CP (Xử phạt vi phạm hành chính lĩnh vực giao thông đường sắt) | Điều 15: Xử phạt các hành vi vi phạm quy định về bảo đảm an toàn giao thông đường sắt\n1. **Phạt tiền từ 300.000 đồng đến 500.000 đồng** đối với cá nhân thực hiện một trong các hành vi vi phạm sau đây:\nc) Để súc vật đi qua đường sắt không đúng quy định hoặc để súc vật kéo xe qua đường sắt mà không có người điều khiển', 'Văn bản: Nghị định 168/2024/NĐ-CP (Xử phạt VPHC đường bộ) | Điều 7: Xử phạt, trừ điểm giấy phép lái của người điều khiển xe mô tô, xe gắn máy, các loại xe tương tự xe mô tô và các loại xe tương tự xe gắn máy vi phạm quy tắc giao thông đường bộ\n3. **Phạt tiền từ 600.000 đồng đến 800.000 đồng** đối với người điều khiển xe thực hiện một trong các hành vi vi phạm sau đây:\ne) Người đang điều khiển xe hoặc chở người ngồi trên xe bám, kéo, đẩy xe khác, vật khác, dẫn dắt vật nuôi, mang vác vật cồng kềnh; chở người đứng trên yên, giá đèo hàng hoặc ngồi trên tay lái của xe', 'Văn bản: Nghị định 168/2024/NĐ-CP (Xử phạt VPHC đường bộ) | Điều 13: Xử phạt, trừ điểm giấy phép lái xe của người điều khiển xe ô tô (bao gồm cả rơ moóc hoặc sơ mi rơ moóc được kéo theo), xe chở người bốn bánh có gắn động cơ, xe chở hàng bốn bánh có gắn động cơ và các loại xe tương tự xe ô tô vi phạm quy định về điều kiện của phương tiện khi tham gia giao thông\n## Điều 13. Xử phạt, trừ điểm giấy phép lái xe của người điều khiển xe ô tô (bao gồm cả rơ moóc hoặc sơ mi rơ moóc được kéo theo), xe chở người bốn bánh có gắn động cơ, xe chở hàng bốn bánh có gắn động cơ và các loại xe tương tự xe ô tô vi phạm quy định về điều kiện của phương tiện khi tham gia giao thông', 'Văn bản: Nghị định 168/2024/NĐ-CP (Xử phạt VPHC đường bộ) | Điều 26: Xử phạt các hành vi vi phạm quy định về trật tự, an toàn giao thông đường bộ trong vận tải đường bộ, dịch vụ hỗ trợ vận tải đường bộ\n6. **Phạt tiền từ 4.000.000 đồng đến 6.000.000 đồng** đối với cá nhân, từ 8.000.000 đồng đến 12.000.000\nđồng đối với tổ chức kinh doanh vận tải thực hiện một trong các hành vi vi phạm sau đây:\na) Sử dụng xe vận chuyển động vật sống không có kết cấu phù hợp với loại động vật chuyên chở theo quy định', 'Văn bản: Nghị định 168/2024/NĐ-CP (Xử phạt VPHC đường bộ) | Điều 32: Xử phạt, trừ điểm giấy phép lái xe đối với chủ phương tiện vi phạm quy định liên quan đến giao thông đường bộ\n17. Tịch thu phương tiện đối với chủ xe ô tô, xe chở người bốn bánh có gắn động cơ, xe chở hàng bốn bánh có gắn động cơ, xe máy chuyên dùng, xe mô tô, xe gắn máy và các loại xe tương tự xe ô tô, xe mô tô, xe gắn máy thực hiện một trong các hành vi vi phạm sau đây:\nc) Đưa phương tiện quá niên hạn sử dụng tham gia giao thông, trừ hành vi vi phạm quy định tại điểm i khoản 7 Điều 26 của Nghị định này']","### Quy định về vận chuyển động vật trên phương tiện giao thông đường bộ

- **Sử dụng xe vận chuyển động vật sống:** Việc vận chuyển động vật sống phải được thực hiện bằng các loại xe có kết cấu phù hợp với loại động vật chuyên chở theo quy định [Điều 26, Khoản 6, Điểm a — NĐ 168/2024/NĐ-CP].

- **Đối với xe mô tô, xe gắn máy:** Người điều khiển xe hoặc người ngồi trên xe không được thực hiện hành vi dẫn dắt vật nuôi khi đang điều khiển xe [Điều 7, Khoản 3, Điểm e — NĐ 168/2024/NĐ-CP].","Người điều khiển súc vật, dẫn dắt súc vật trên đường bộ phải tuân thủ Điều 32 Luật 36/2024/QH15. Vi phạm về dẫn dắt súc vật không đảm bảo an toàn bị phạt 150.000-250.000 đồng theo Điều 11 Khoản 1 Điểm d NĐ 168/2024/NĐ-CP.",0.5,,0.6791666666496875,0.0
RQ-030,agentic_rag,vạch liền,"['Văn bản: Nghị định 168/2024/NĐ-CP (Xử phạt VPHC đường bộ) | Điều 9: Xử phạt người điều khiển xe đạp, xe đạp máy, người điều khiển xe thô sơ khác vi phạm quy tắc giao thông đường bộ\n1. **Phạt tiền từ 100.000 đồng đến 200.000 đồng** đối với người điều khiển xe thực hiện một trong các hành vi vi phạm sau đây:\nc) Không chấp hành hiệu lệnh hoặc chỉ dẫn của biển báo hiệu, vạch kẻ đường, trừ các hành vi vi phạm quy định tại điểm đ khoản 2, điểm c khoản 3 Điều này', 'Văn bản: Nghị định 168/2024/NĐ-CP (Xử phạt VPHC đường bộ) | Điều 6: Xử phạt, trừ điểm giấy phép lái xe của người điều khiển xe ô tô, xe chở người bốn bánh có gắn động cơ, xe chở hàng bốn bánh có gắn động cơ và các loại xe tương tự xe ô tô vi phạm quy tắc giao thông đường bộ\n1. **Phạt tiền từ 400.000 đồng đến 600.000 đồng** đối với người điều khiển xe thực hiện một trong các hành vi vi phạm sau đây:\na) Không chấp hành hiệu lệnh, chỉ dẫn của biển báo hiệu, vạch kẻ đường, trừ các hành vi vi phạm quy định tại điểm a, điểm c, điểm d, điểm đ khoản 2; điểm a, điểm d, điểm đ, điểm e, điểm n, điểm o khoản\n3; điểm a, điểm b, điểm đ, điểm e, điểm i, điểm k, điểm l khoản 4; điểm a, điểm b, điểm c, điểm d, điểm đ, điểm i, điểm k khoản 5; điểm a khoản 6; khoản 7; điểm b, điểm d khoản 9; điểm a khoản 10; điểm đ\nkhoản 11 Điều này', 'Văn bản: Luật Trật tự ATGT đường bộ 2024 | Điều 13: Sử dụng làn đường\n## Điều 13. Sử dụng làn đường\n1. Phương tiện tham gia giao thông đường bộ di chuyển với tốc độ thấp hơn phải đi về bên phải theo chiều đi của mình.\n2. Trên đường có nhiều làn đường cho xe đi cùng chiều được phân biệt bằng vạch kẻ phân làn đường, người điều khiển phương tiện tham gia giao thông đường bộ phải cho xe đi trong một làn đường và chỉ được chuyển làn đường ở những nơi cho phép; mỗi lần chuyển làn đường chỉ được phép chuyển sang một làn đường liền kề; khi chuyển làn đường phải có tín hiệu báo trước; phải quan sát bảo đảm khoảng cách an toàn với xe phía trước, phía sau và hai bên mới được chuyển làn.\n3. Trên một chiều đường có vạch kẻ phân làn đường, xe thô sơ phải đi trên làn đường bên phải trong cùng, xe cơ giới, xe máy chuyên dùng đi trên làn đường bên trái.\n4. Trên làn đường dành riêng cho một loại phương tiện hoặc một nhóm loại phương tiện, người điều khiển loại phương tiện khác không được đi vào làn đường đó.', 'Văn bản: Nghị định 168/2024/NĐ-CP (Xử phạt VPHC đường bộ) | Điều 1: Phạm vi điều chỉnh\n## Điều 1. Phạm vi điều chỉnh\n1. Nghị định này quy định về:\na) Xử phạt vi phạm hành chính về trật tự, an toàn giao thông trong lĩnh vực giao thông đường bộ bao gồm: hành vi vi phạm hành chính; hình thức, mức xử phạt, biện pháp khắc phục hậu quả đối với từng hành vi vi phạm hành chính; thẩm quyền lập biên bản, thẩm quyền xử phạt, mức phạt tiền cụ thể theo từng chức danh đối với hành vi vi phạm hành chính về trật tự, an toàn giao thông trong lĩnh vực giao thông đường bộ; b) Mức trừ điểm giấy phép lái xe đối với từng hành vi vi phạm hành chính; trình tự, thủ tục, thẩm quyền trừ điểm, phục hồi điểm giấy phép lái xe để quản lý việc chấp hành pháp luật về trật tự, an toàn giao thông đường bộ của người lái xe.\n2. Các hành vi vi phạm hành chính trong lĩnh vực quản lý nhà nước khác liên quan đến trật tự, an toàn giao thông trong lĩnh vực giao thông đường bộ mà không quy định tại Nghị định này thì áp dụng quy định tại các Nghị định quy định về xử phạt vi phạm hành chính trong các lĩnh vực đó để xử phạt.', 'Văn bản: Nghị định 168/2024/NĐ-CP (Xử phạt VPHC đường bộ) | Điều 32: Xử phạt, trừ điểm giấy phép lái xe đối với chủ phương tiện vi phạm quy định liên quan đến giao thông đường bộ\n9. **Phạt tiền từ 4.000.000 đồng đến 6.000.000 đồng** đối với cá nhân, từ 8.000.000 đồng đến 12.000.000\nđồng đối với tổ chức là chủ xe ô tô, xe chở người bốn bánh có gắn động cơ, xe chở hàng bốn bánh có gắn động cơ, xe máy chuyên dùng và các loại xe tương tự xe ô tô thực hiện một trong các hành vi vi phạm sau đây:\ne) Không thực hiện đúng quy định về biển số, quy định về kẻ hoặc dán chữ, số biển số, thông tin trên thành xe, cửa xe (kể cả rơ moóc và sơ mi rơ moóc), trừ các hành vi vi phạm quy định tại điểm b, điểm c khoản 12; điểm d khoản 13 Điều này và các hành vi vi phạm quy định tại điểm b khoản 3 Điều 39 của\nNghị định này.']","### Khái niệm về vạch kẻ đường

- Vạch kẻ đường là một hình thức báo hiệu đường bộ được kẻ trên mặt đường và trên các công trình đường bộ [Điều 23, Khoản 4, Điểm a — Luật Đường bộ 2024 (35/2024/QH15)].
- Vạch kẻ đường có thể được bố trí độc lập hoặc kết hợp với các biển báo hiệu đường bộ hoặc đèn tín hiệu giao thông [Điều 23, Khoản 4, Điểm b — Luật Đường bộ 2024 (35/2024/QH15)].

Thông tin về mức phạt cụ thể đối với hành vi ""đè vạch"" không có trong tài liệu được cung cấp.","Hành vi đè vạch liền (vạch kẻ đường liền) khi điều khiển phương tiện bị phạt theo Điều 5 Khoản 3 Điểm a NĐ 168/2024/NĐ-CP đối với ô tô (4-6M, trừ 2 điểm) và Điều 6 Khoản 1 Điểm a đối với xe máy (200-400K).",0.25,,0.99999999998,1.0
RQ-031,agentic_rag,chở 3 người trên xe máy và không đội mũ bảo hiểm bị phạt bao nhiêu,"['Văn bản: Nghị định 168/2024/NĐ-CP (Xử phạt VPHC đường bộ) | Điều 7: Xử phạt, trừ điểm giấy phép lái của người điều khiển xe mô tô, xe gắn máy, các loại xe tương tự xe mô tô và các loại xe tương tự xe gắn máy vi phạm quy tắc giao thông đường bộ\n3. **Phạt tiền từ 600.000 đồng đến 800.000 đồng** đối với người điều khiển xe thực hiện một trong các hành vi vi phạm sau đây:\nb) Chở theo từ 03 người trở lên trên xe', 'Văn bản: Nghị định 168/2024/NĐ-CP (Xử phạt VPHC đường bộ) | Điều 12: Xử phạt, trừ điểm giấy phép lái xe các hành vi vi phạm khác về quy tắc giao thông đường bộ; sử dụng lòng đường, vỉa hè vào mục đích khác\n5. **Phạt tiền từ 400.000 đồng đến 600.000 đồng** đối với người được chở trên xe mô tô, xe gắn máy, các loại xe tương tự xe mô tô, các loại xe tương tự xe gắn máy thực hiện một trong các hành vi vi phạm sau đây:\nb) Không đội “mũ bảo hiểm cho người đi mô tô, xe máy” hoặc đội “mũ bảo hiểm cho người đi mô tô, xe máy” không cài quai đúng quy cách khi tham gia giao thông trên đường bộ.', 'Văn bản: Nghị định 168/2024/NĐ-CP (Xử phạt VPHC đường bộ) | Điều 9: Xử phạt người điều khiển xe đạp, xe đạp máy, người điều khiển xe thô sơ khác vi phạm quy tắc giao thông đường bộ\n4. **Phạt tiền từ 400.000 đồng đến 600.000 đồng** đối với người điều khiển xe thực hiện một trong các hành vi vi phạm sau đây:\nđ) Chở người ngồi trên xe đạp máy không đội “mũ bảo hiểm cho người đi mô tô, xe máy” hoặc đội “mũ bảo hiểm cho người đi mô tô, xe máy” không cài quai đúng quy cách, trừ trường hợp chở người bệnh đi\n\ncấp cứu, trẻ em dưới 06 tuổi, áp giải người có hành vi vi phạm pháp luật.', 'Văn bản: Nghị định 168/2024/NĐ-CP (Xử phạt VPHC đường bộ) | Điều 7: Xử phạt, trừ điểm giấy phép lái của người điều khiển xe mô tô, xe gắn máy, các loại xe tương tự xe mô tô và các loại xe tương tự xe gắn máy vi phạm quy tắc giao thông đường bộ\n11. Tịch thu phương tiện đối với người điều khiển xe thực hiện một trong các hành vi vi phạm sau đây:', 'Văn bản: Nghị định 168/2024/NĐ-CP (Xử phạt VPHC đường bộ) | Điều 7: Xử phạt, trừ điểm giấy phép lái của người điều khiển xe mô tô, xe gắn máy, các loại xe tương tự xe mô tô và các loại xe tương tự xe gắn máy vi phạm quy tắc giao thông đường bộ\n11. Tịch thu phương tiện đối với người điều khiển xe thực hiện một trong các hành vi vi phạm sau đây:\na) Buông cả hai tay khi đang điều khiển xe; dùng chân điều khiển xe; ngồi về một bên điều khiển xe; nằm trên yên xe điều khiển xe; thay người điều khiển khi xe đang chạy; quay người về phía sau để điều khiển xe hoặc bịt mắt điều khiển xe']","Câu hỏi của bạn liên quan đến hai hành vi vi phạm khác nhau khi điều khiển xe mô tô, xe gắn máy; dưới đây là mức xử phạt cụ thể cho từng trường hợp:

### Trường hợp 1: Hành vi chở theo từ 03 người trở lên trên xe
- Mức phạt tiền: Từ **600.000 đồng** đến **800.000 đồng** [Điều 7, Khoản 3, Điểm b — NĐ 168/2024/NĐ-CP].
- Hình thức xử phạt bổ sung: Trừ **02 điểm** giấy phép lái xe [Điều 7, Khoản 13, Điểm a — NĐ 168/2024/NĐ-CP].

### Trường hợp 2: Hành vi không đội mũ bảo hiểm
- Đối với người điều khiển xe không đội “mũ bảo hiểm cho người đi mô tô, xe máy” hoặc đội không cài quai đúng quy cách: Phạt tiền từ **400.000 đồng** đến **600.000 đồng** [Điều 7, Khoản 2, Điểm h — NĐ 168/2024/NĐ-CP].
- Đối với người được chở trên xe không đội “mũ bảo hiểm cho người đi mô tô, xe máy” hoặc đội không cài quai đúng quy cách: Phạt tiền từ **400.000 đồng** đến **600.000 đồng** [Điều 12, Khoản 5, Điểm b — NĐ 168/2024/NĐ-CP].
- Đối với người điều khiển xe chở người ngồi trên xe không đội mũ bảo hiểm (hoặc không cài quai đúng quy cách): Phạt tiền từ **400.000 đồng** đến **600.000 đồng** [Điều 7, Khoản 2, Điểm i — NĐ 168/2024/NĐ-CP].

*Lưu ý: Các mức phạt trên áp dụng cho xe mô tô, xe gắn máy và các loại xe tương tự.*","Có 2 hành vi vi phạm theo Điều 7 Khoản 2 NĐ 168/2024/NĐ-CP với người điều khiển xe mô tô, xe gắn máy: (1) Chở theo 02 người trên xe (Điểm g) phạt 400.000-600.000 đồng; (2) Chở người ngồi trên xe không đội mũ bảo hiểm hoặc đội nhưng không cài quai (Điểm i) phạt 400.000-600.000 đồng. Tổng cộng có thể bị phạt 800.000-1.200.000 đồng và trừ 4 điểm GPLX.",0.6666666666666666,,0.99999999998,0.6666666666666666
RQ-032,agentic_rag,vừa chạy quá tốc độ vừa vượt đèn đỏ ô tô bị phạt như nào,"['Văn bản: Nghị định 168/2024/NĐ-CP (Xử phạt VPHC đường bộ) | Điều 7: Xử phạt, trừ điểm giấy phép lái của người điều khiển xe mô tô, xe gắn máy, các loại xe tương tự xe mô tô và các loại xe tương tự xe gắn máy vi phạm quy tắc giao thông đường bộ\n8. **Phạt tiền từ 6.000.000 đồng đến 8.000.000 đồng** đối với người điều khiển xe thực hiện một trong các hành vi vi phạm sau đây:\na) Điều khiển xe chạy quá tốc độ quy định trên 20 km/h', 'Văn bản: Nghị định 168/2024/NĐ-CP (Xử phạt VPHC đường bộ) | Điều 8: Xử phạt người điều khiển xe máy chuyên dùng vi phạm quy tắc giao thông đường bộ\n6. **Phạt tiền từ 3.000.000 đồng đến 5.000.000 đồng** đối với người điều khiển xe thực hiện một trong các hành vi vi phạm sau đây:\na) Chạy quá tốc độ quy định trên 20 km/h', 'Văn bản: Nghị định 168/2024/NĐ-CP (Xử phạt VPHC đường bộ) | Điều 6: Xử phạt, trừ điểm giấy phép lái xe của người điều khiển xe ô tô, xe chở người bốn bánh có gắn động cơ, xe chở hàng bốn bánh có gắn động cơ và các loại xe tương tự xe ô tô vi phạm quy tắc giao thông đường bộ\n15. Ngoài việc bị phạt tiền, người điều khiển xe thực hiện hành vi vi phạm còn bị áp dụng các hình thức xử phạt bổ sung sau đây:\na) Thực hiện hành vi quy định tại điểm e khoản 5 Điều này còn bị tịch thu thiết bị phát tín hiệu ưu tiên lắp đặt, sử dụng trái quy định', 'Văn bản: Nghị định 168/2024/NĐ-CP (Xử phạt VPHC đường bộ) | Điều 6: Xử phạt, trừ điểm giấy phép lái xe của người điều khiển xe ô tô, xe chở người bốn bánh có gắn động cơ, xe chở hàng bốn bánh có gắn động cơ và các loại xe tương tự xe ô tô vi phạm quy tắc giao thông đường bộ\n14. Tịch thu phương tiện đối với người điều khiển xe tái phạm hành vi điều khiển xe lạng lách, đánh võng quy định tại khoản 12 Điều này.', 'Văn bản: Nghị định 168/2024/NĐ-CP (Xử phạt VPHC đường bộ) | Điều 6: Xử phạt, trừ điểm giấy phép lái xe của người điều khiển xe ô tô, xe chở người bốn bánh có gắn động cơ, xe chở hàng bốn bánh có gắn động cơ và các loại xe tương tự xe ô tô vi phạm quy tắc giao thông đường bộ\n15. Ngoài việc bị phạt tiền, người điều khiển xe thực hiện hành vi vi phạm còn bị áp dụng các hình thức xử phạt bổ sung sau đây:']","Câu hỏi của bạn liên quan đến hai hành vi vi phạm khác nhau khi điều khiển xe ô tô. Dưới đây là mức xử phạt cụ thể cho từng hành vi theo quy định tại Nghị định 168/2024/NĐ-CP:

### Trường hợp 1: Hành vi điều khiển xe ô tô chạy quá tốc độ
- Đối với hành vi chạy quá tốc độ quy định trên 20 km/h: Mức phạt tiền từ **6.000.000 đồng** đến **8.000.000 đồng** [Điều 7, Khoản 8, Điểm a — NĐ 168/2024/NĐ-CP] (Lưu ý: Tài liệu cung cấp quy định này tại Điều 7 dành cho xe mô tô, xe gắn máy; đối với xe ô tô, tài liệu hiện tại không chứa thông tin mức phạt cụ thể cho hành vi chạy quá tốc độ trên 20 km/h).

### Trường hợp 2: Hành vi không chấp hành hiệu lệnh của đèn tín hiệu giao thông (vượt đèn đỏ)
- Đối với hành vi không chấp hành hiệu lệnh của đèn tín hiệu giao thông: Mức phạt tiền từ **4.000.000 đồng** đến **6.000.000 đồng** [Điều 7, Khoản 7, Điểm c — NĐ 168/2024/NĐ-CP] (Lưu ý: Tài liệu cung cấp quy định này tại Điều 7 dành cho xe mô tô, xe gắn máy; đối với xe ô tô, tài liệu hiện tại không chứa thông tin mức phạt cụ thể cho hành vi vượt đèn đỏ).

*Thông tin về số điểm bị trừ đối với xe ô tô cho các hành vi nêu trên không có trong tài liệu được cung cấp.*","Người điều khiển ô tô bị xử phạt 2 hành vi theo NĐ 168/2024: (1) Vượt đèn đỏ (Điều 6 Khoản 9 Điểm b) phạt 18-20 triệu, trừ 4 điểm GPLX; (2) Chạy quá tốc độ - tùy mức vượt: vượt 5-10 km/h Điều 6 Khoản 3 Điểm a phạt 800K-1M, vượt 10-20 km/h Điều 6 Khoản 5 Điểm a phạt 4-6 triệu, trừ 2 điểm; vượt 20-35 km/h Điều 6 Khoản 7 Điểm a phạt 6-8 triệu, trừ 4 điểm; vượt trên 35 km/h Điều 6 Khoản 8 Điểm a phạt 12-14 triệu, trừ 6 điểm. Tổng số tiền tùy mức tốc độ.",0.5,,0.99999999998,0.0
RQ-033,agentic_rag,đi ngược chiều vào đường cấm bằng xe ô tô,"['Văn bản: Nghị định 168/2024/NĐ-CP (Xử phạt VPHC đường bộ) | Điều 6: Xử phạt, trừ điểm giấy phép lái xe của người điều khiển xe ô tô, xe chở người bốn bánh có gắn động cơ, xe chở hàng bốn bánh có gắn động cơ và các loại xe tương tự xe ô tô vi phạm quy tắc giao thông đường bộ\n9. **Phạt tiền từ 18.000.000 đồng đến 20.000.000 đồng** đối với người điều khiển xe thực hiện một trong các hành vi vi phạm sau đây:\nd) Đi ngược chiều của đường một chiều, đi ngược chiều trên đường có biển “Cấm đi ngược chiều”, trừ các hành vi vi phạm quy định tại điểm đ khoản 11 Điều này và các trường hợp xe ưu tiên đang đi làm nhiệm vụ khẩn cấp theo quy định.', 'Văn bản: Nghị định 168/2024/NĐ-CP (Xử phạt VPHC đường bộ) | Điều 6: Xử phạt, trừ điểm giấy phép lái xe của người điều khiển xe ô tô, xe chở người bốn bánh có gắn động cơ, xe chở hàng bốn bánh có gắn động cơ và các loại xe tương tự xe ô tô vi phạm quy tắc giao thông đường bộ\n4. **Phạt tiền từ 2.000.000 đồng đến 3.000.000 đồng** đối với người điều khiển xe thực hiện một trong các hành vi vi phạm sau đây:\ne) Lùi xe ở đường một chiều, đường có biển “Cấm đi ngược chiều”, khu vực cấm dừng, trên phần đường dành cho người đi bộ qua đường, nơi đường bộ giao nhau, nơi đường bộ giao nhau cùng mức với đường sắt, nơi tầm nhìn bị che khuất; lùi xe không quan sát hai bên, phía sau xe hoặc không có tín hiệu lùi xe, trừ hành vi vi phạm quy định tại điểm đ khoản 11 Điều này', 'Văn bản: Nghị định 168/2024/NĐ-CP (Xử phạt VPHC đường bộ) | Điều 8: Xử phạt người điều khiển xe máy chuyên dùng vi phạm quy tắc giao thông đường bộ\n7. **Phạt tiền từ 6.000.000 đồng đến 8.000.000 đồng** đối với người điều khiển xe thực hiện một trong các hành vi vi phạm sau đây:\nd) Đi ngược chiều của đường một chiều, đi ngược chiều trên đường có biển “Cấm đi ngược chiều”, trừ các hành vi vi phạm quy định tại điểm đ khoản 9 Điều này và các trường hợp xe ưu tiên đang đi làm nhiệm vụ khẩn cấp theo quy định.', 'Văn bản: Nghị định 168/2024/NĐ-CP (Xử phạt VPHC đường bộ) | Điều 8: Xử phạt người điều khiển xe máy chuyên dùng vi phạm quy tắc giao thông đường bộ\n8. **Phạt tiền từ 14.000.000 đồng đến 16.000.000 đồng** đối với người điều khiển xe thực hiện một trong các hành vi vi phạm sau đây:\na) Điều khiển xe không quan sát, giảm tốc độ hoặc dừng lại để bảo đảm an toàn theo quy định mà gây tai nạn giao thông; điều khiển xe chạy quá tốc độ quy định gây tai nạn giao thông; dừng xe, đỗ xe, quay đầu xe, lùi xe, tránh xe, vượt xe, chuyển hướng, chuyển làn đường không đúng quy định gây tai nạn giao thông; mở cửa xe, để cửa xe mở không bảo đảm an toàn gây tai nạn giao thông; không đi đúng phần đường, làn đường, không giữ khoảng cách an toàn giữa hai xe theo quy định gây tai nạn giao thông hoặc đi vào đường có biển báo hiệu có nội dung cấm đi vào đối với loại phương tiện đang điều khiển, đi ngược chiều của đường một chiều, đi ngược chiều trên đường có biển “Cấm đi ngược chiều” gây tai nạn giao thông, trừ các hành vi vi phạm quy định tại điểm b khoản 8, điểm đ khoản 9 Điều này', 'Văn bản: Nghị định 168/2024/NĐ-CP (Xử phạt VPHC đường bộ) | Điều 7: Xử phạt, trừ điểm giấy phép lái của người điều khiển xe mô tô, xe gắn máy, các loại xe tương tự xe mô tô và các loại xe tương tự xe gắn máy vi phạm quy tắc giao thông đường bộ\n10. **Phạt tiền từ 10.000.000 đồng đến 14.000.000 đồng** đối với người điều khiển xe thực hiện một trong các hành vi vi phạm sau đây:\na) Điều khiển xe không quan sát, giảm tốc độ hoặc dừng lại để bảo đảm an toàn theo quy định mà gây tai nạn giao thông; điều khiển xe chạy quá tốc độ quy định gây tai nạn giao thông; đi vào đường cao tốc, dừng xe, đỗ xe, quay đầu xe, lùi xe, vượt xe, chuyển hướng, chuyển làn đường không đúng quy định gây tai nạn giao thông; không đi đúng phần đường, làn đường, không giữ khoảng cách an toàn giữa hai xe theo quy định gây tai nạn giao thông hoặc đi vào đường có biển báo hiệu có nội dung cấm đi vào đối với loại phương tiện đang điều khiển, đi ngược chiều của đường một chiều, đi ngược chiều trên đường có biển “Cấm đi ngược chiều” gây tai nạn giao thông']","Câu hỏi của bạn liên quan đến hành vi đi ngược chiều bằng xe ô tô, được quy định tại Nghị định 168/2024/NĐ-CP với các mức xử phạt khác nhau tùy vào tính chất hành vi. Dưới đây là các trường hợp cụ thể:

### Trường hợp 1: Đi ngược chiều của đường một chiều hoặc đường có biển ""Cấm đi ngược chiều""
- Hành vi: Đi ngược chiều của đường một chiều, đi ngược chiều trên đường có biển “Cấm đi ngược chiều” (trừ các trường hợp xe ưu tiên hoặc hành vi gây tai nạn).
- Mức phạt: Phạt tiền từ **18.000.000 đồng** đến **20.000.000 đồng** [Điều 6, Khoản 9, Điểm d — NĐ 168/2024/NĐ-CP].
- Trừ điểm GPLX: Bị trừ **10 điểm** [Điều 6, Khoản 16, Điểm d — NĐ 168/2024/NĐ-CP].

### Trường hợp 2: Đi ngược chiều gây tai nạn giao thông
- Hành vi: Đi ngược chiều của đường một chiều, đi ngược chiều trên đường có biển “Cấm đi ngược chiều” mà gây tai nạn giao thông.
- Mức phạt: Phạt tiền từ **20.000.000 đồng** đến **22.000.000 đồng** [Điều 6, Khoản 10, Điểm a — NĐ 168/2024/NĐ-CP].
- Trừ điểm GPLX: Bị trừ **10 điểm** [Điều 6, Khoản 16, Điểm d — NĐ 168/2024/NĐ-CP].","Đi ngược chiều của đường một chiều, đi ngược chiều trên đường có biển 'Cấm đi ngược chiều' đối với ô tô bị phạt 4-6 triệu đồng và trừ 4 điểm GPLX theo Điều 6 Khoản 5 Điểm c NĐ 168/2024/NĐ-CP. Đi vào đường có biển báo hiệu nội dung cấm đi vào với loại phương tiện đang điều khiển bị phạt 2-3 triệu, trừ 4 điểm theo Điều 6 Khoản 4 Điểm a NĐ 168/2024.",0.6428571428571429,,0.99999999998,1.0
RQ-034,agentic_rag,chở 3 người vượt đường ngang đường sắt khi tín hiệu đèn đỏ,"['Văn bản: Nghị định 168/2024/NĐ-CP (Xử phạt VPHC đường bộ) | Điều 32: Xử phạt, trừ điểm giấy phép lái xe đối với chủ phương tiện vi phạm quy định liên quan đến giao thông đường bộ\n17. Tịch thu phương tiện đối với chủ xe ô tô, xe chở người bốn bánh có gắn động cơ, xe chở hàng bốn bánh có gắn động cơ, xe máy chuyên dùng, xe mô tô, xe gắn máy và các loại xe tương tự xe ô tô, xe mô tô, xe gắn máy thực hiện một trong các hành vi vi phạm sau đây:\nd) Tái phạm hành vi quy định tại khoản 5 Điều này (trong trường hợp chở vượt trên 100% số người quy định được phép chở của phương tiện)', 'Văn bản: Nghị định 168/2024/NĐ-CP (Xử phạt VPHC đường bộ) | Điều 32: Xử phạt, trừ điểm giấy phép lái xe đối với chủ phương tiện vi phạm quy định liên quan đến giao thông đường bộ\n17. Tịch thu phương tiện đối với chủ xe ô tô, xe chở người bốn bánh có gắn động cơ, xe chở hàng bốn bánh có gắn động cơ, xe máy chuyên dùng, xe mô tô, xe gắn máy và các loại xe tương tự xe ô tô, xe mô tô, xe gắn máy thực hiện một trong các hành vi vi phạm sau đây:\nđ) Tái phạm hành vi quy định tại khoản 6 Điều này (trong trường hợp chở vượt trên 100% số người quy định được phép chở của phương tiện)', 'Văn bản: Nghị định 168/2024/NĐ-CP (Xử phạt VPHC đường bộ) | Điều 32: Xử phạt, trừ điểm giấy phép lái xe đối với chủ phương tiện vi phạm quy định liên quan đến giao thông đường bộ\n5. **Phạt tiền từ 800.000 đồng đến 1.200.000 đồng** trên mỗi người vượt quá quy định được phép chở của phương tiện nhưng tổng mức phạt tiền tối đa không vượt quá 75.000.000 đồng đối với chủ phương tiện là cá nhân, từ 1.600.000 đồng đến 2.400.000 đồng trên mỗi người vượt quá quy định được phép chở của phương tiện nhưng tổng mức phạt tiền tối đa không vượt quá 150.000.000 đồng đối với chủ phương tiện là tổ chức giao phương tiện hoặc để cho người làm công, người đại diện điều khiển phương tiện thực hiện hành vi vi phạm quy định tại khoản 2 Điều 20 của Nghị định này hoặc trực tiếp điều khiển phương tiện thực hiện hành vi vi phạm quy định tại khoản 2 Điều 20 của Nghị định này.', 'Văn bản: Nghị định 168/2024/NĐ-CP (Xử phạt VPHC đường bộ) | Điều 7: Xử phạt, trừ điểm giấy phép lái của người điều khiển xe mô tô, xe gắn máy, các loại xe tương tự xe mô tô và các loại xe tương tự xe gắn máy vi phạm quy tắc giao thông đường bộ\n12. Ngoài việc bị áp dụng hình thức xử phạt chính, người điều khiển xe thực hiện hành vi vi phạm còn bị áp dụng các hình thức xử phạt bổ sung sau đây:\na) Thực hiện hành vi quy định tại điểm đ khoản 2 Điều này còn bị tịch thu thiết bị phát tín hiệu ưu tiên lắp đặt, sử dụng trái quy định', 'Văn bản: Nghị định 168/2024/NĐ-CP (Xử phạt VPHC đường bộ) | Điều 7: Xử phạt, trừ điểm giấy phép lái của người điều khiển xe mô tô, xe gắn máy, các loại xe tương tự xe mô tô và các loại xe tương tự xe gắn máy vi phạm quy tắc giao thông đường bộ\n11. Tịch thu phương tiện đối với người điều khiển xe thực hiện một trong các hành vi vi phạm sau đây:']","Câu hỏi của bạn liên quan đến hai hành vi vi phạm khác nhau khi điều khiển xe mô tô, dưới đây là các trường hợp xử phạt theo quy định:

### Trường hợp 1: Hành vi chở quá số người quy định
- Đối với hành vi chở 3 người trên xe mô tô (vượt quá số người quy định được phép chở), chủ phương tiện hoặc người điều khiển xe có thể bị xử phạt theo quy định về chở quá số người [Điều 32, Khoản 5 — NĐ 168/2024/NĐ-CP].
- Mức phạt tiền: Từ **800.000 đồng** đến **1.200.000 đồng** trên mỗi người vượt quá quy định (đối với cá nhân) hoặc từ **1.600.000 đồng** đến **2.400.000 đồng** trên mỗi người vượt quá quy định (đối với tổ chức) [Điều 32, Khoản 5 — NĐ 168/2024/NĐ-CP].

### Trường hợp 2: Hành vi vượt đường ngang đường sắt khi có tín hiệu đèn đỏ
- Người điều khiển phương tiện thực hiện hành vi vi phạm quy tắc giao thông tại đường ngang, cầu chung, hầm đường sắt (bao gồm hành vi vượt khi có tín hiệu đèn đỏ) sẽ bị xử phạt theo quy định [Điều 13, Khoản 11 — NĐ 81/2026/NĐ-CP].
- Hình thức xử phạt bổ sung: Ngoài việc bị phạt tiền, người điều khiển còn bị **tước quyền sử dụng Giấy phép lái xe từ 01 tháng đến 03 tháng** [Điều 13, Khoản 11 — NĐ 81/2026/NĐ-CP].

*Lưu ý: Mức phạt tiền cụ thể cho hành vi vượt đường ngang đường sắt khi có tín hiệu đèn đỏ không được liệt kê chi tiết trong các đoạn văn bản được cung cấp.*","2 hành vi vi phạm trên xe mô tô, xe gắn máy: (1) Chở theo 02 người trên xe theo Điều 7 Khoản 2 Điểm g NĐ 168/2024/NĐ-CP phạt 400.000-600.000 đồng; (2) Vượt đường ngang đường sắt khi đèn đỏ đã bật sáng theo Điều 13 Khoản 6 NĐ 81/2026/NĐ-CP phạt 4-6 triệu đồng kèm tước GPLX 1-3 tháng. Tổng số tiền có thể 4,4-6,6 triệu đồng.",0.5,,0.99999999998,0.0
RQ-035,agentic_rag,tránh xe tải tông phải trẻ em đi bộ mức phạt bao nhiêu,"['Văn bản: Nghị định 168/2024/NĐ-CP (Xử phạt VPHC đường bộ) | Điều 6: Xử phạt, trừ điểm giấy phép lái xe của người điều khiển xe ô tô, xe chở người bốn bánh có gắn động cơ, xe chở hàng bốn bánh có gắn động cơ và các loại xe tương tự xe ô tô vi phạm quy tắc giao thông đường bộ\n10. **Phạt tiền từ 20.000.000 đồng đến 22.000.000 đồng** đối với người điều khiển xe thực hiện một trong các hành vi vi phạm sau đây:\na) Điều khiển xe không quan sát, giảm tốc độ hoặc dừng lại để bảo đảm an toàn theo quy định mà gây tai nạn giao thông; điều khiển xe chạy quá tốc độ quy định gây tai nạn giao thông; dừng xe, đỗ xe, quay đầu xe, lùi xe, tránh xe, vượt xe, chuyển hướng, chuyển làn đường không đúng quy định gây tai nạn giao thông; không đi đúng phần đường, làn đường, không giữ khoảng cách an toàn giữa hai xe theo quy định gây tai nạn giao thông hoặc đi vào đường có biển báo hiệu có nội dung cấm đi vào đối với loại phương tiện đang điều khiển gây tai nạn giao thông, trừ các hành vi vi phạm quy định tại điểm đ khoản 11 Điều này', 'Văn bản: Luật Trật tự ATGT đường bộ 2024 | Điều 30: Người đi bộ; trẻ em, phụ nữ mang thai, người già yếu, người khuyết tật, người mất năng lực hành vi dân sự tham gia giao thông đường bộ\n## Điều 30. Người đi bộ; trẻ em, phụ nữ mang thai, người già yếu, người khuyết tật, người mất năng lực hành vi dân sự tham gia giao thông đường bộ\n1. Người đi bộ phải tuân thủ các quy định sau đây:\na) Phải đi trên vỉa hè, lề đường, đường dành riêng cho người đi bộ; trường hợp đường không có vỉa hè, lề đường, đường dành riêng cho người đi bộ thì người đi bộ phải đi sát mép đường bên phải theo chiều đi của mình; b) Chỉ được qua đường ở những nơi có đèn tín hiệu, có vạch kẻ đường hoặc có cầu vượt, hầm dành cho người đi bộ và phải tuân thủ tín hiệu chỉ dẫn, báo hiệu đường bộ. Trường hợp không có đèn tín hiệu, vạch kẻ đường, cầu vượt, hầm dành cho người đi bộ thì phải quan sát các xe đang đi tới, chỉ qua đường khi bảo đảm an toàn, khi qua đường phải có tín hiệu bằng tay; c) Không được vượt qua dải phân cách, đu, bám vào phương tiện giao thông đường bộ đang di chuyển; khi mang, vác vật cồng kềnh phải bảo đảm an toàn và không gây trở ngại cho người và phương tiện tham gia giao thông đường bộ.\n2. Trẻ em, phụ nữ mang thai, người già yếu, người khuyết tật, người mất năng lực hành vi dân sự tham gia giao thông đường bộ được quy định như sau:\na) Trẻ em dưới 07 tuổi khi đi qua đường phải có người lớn dẫn dắt; b) Người khuyết tật sử dụng xe lăn có động cơ hoặc không có động cơ phải đi trên vỉa hè, lề đường và nơi có vạch kẻ đường dành cho người đi bộ và xe thô sơ; c) Người khiếm thị khi đi trên đường bộ phải có người dẫn dắt hoặc có công cụ để báo hiệu cho người khác nhận biết là người khiếm thị; d) Người mất năng lực hành vi dân sự khi đi trên đường bộ phải có người dẫn dắt;\n\nđ) Mọi người có trách nhiệm giúp đỡ trẻ em dưới 07 tuổi, phụ nữ mang thai, người già yếu, người khuyết tật, người mất năng lực hành vi dân sự khi đi qua đường.', 'Văn bản: Thông tư 72/2024/TT-BCA (Quy trình điều tra, giải quyết tai nạn giao thông đường bộ của CSGT) | Điều 18: Giải quyết vụ tai nạn giao thông đường bộ theo thủ tục hành chính\n3. Hướng dẫn cho các bên liên quan đến vụ tai nạn giao thông đường bộ tự giải quyết bồi thường thiệt hại dân sự tại trụ sở cơ quan, đơn vị.\nTrường hợp các bên liên quan trong vụ tai nạn giao thông đường bộ không tự thỏa thuận giải quyết bồi thường thiệt hại dân sự thì phải lập biên bản, đồng thời hướng dẫn các bên liên hệ với Tòa án có thẩm quyền để giải quyết theo thủ tục tố tụng dân sự.', 'Văn bản: Nghị định 168/2024/NĐ-CP (Xử phạt VPHC đường bộ) | Điều 8: Xử phạt người điều khiển xe máy chuyên dùng vi phạm quy tắc giao thông đường bộ\n8. **Phạt tiền từ 14.000.000 đồng đến 16.000.000 đồng** đối với người điều khiển xe thực hiện một trong các hành vi vi phạm sau đây:\na) Điều khiển xe không quan sát, giảm tốc độ hoặc dừng lại để bảo đảm an toàn theo quy định mà gây tai nạn giao thông; điều khiển xe chạy quá tốc độ quy định gây tai nạn giao thông; dừng xe, đỗ xe, quay đầu xe, lùi xe, tránh xe, vượt xe, chuyển hướng, chuyển làn đường không đúng quy định gây tai nạn giao thông; mở cửa xe, để cửa xe mở không bảo đảm an toàn gây tai nạn giao thông; không đi đúng phần đường, làn đường, không giữ khoảng cách an toàn giữa hai xe theo quy định gây tai nạn giao thông hoặc đi vào đường có biển báo hiệu có nội dung cấm đi vào đối với loại phương tiện đang điều khiển, đi ngược chiều của đường một chiều, đi ngược chiều trên đường có biển “Cấm đi ngược chiều” gây tai nạn giao thông, trừ các hành vi vi phạm quy định tại điểm b khoản 8, điểm đ khoản 9 Điều này', 'Văn bản: Luật Trật tự ATGT đường bộ 2024 | Điều 10: Quy tắc chung\n## Điều 10. Quy tắc chung\n1. Người tham gia giao thông đường bộ phải đi bên phải theo chiều đi của mình, đi đúng làn đường, phần đường quy định, chấp hành báo hiệu đường bộ và các quy tắc giao thông đường bộ khác.\n\n2. Người lái xe và người được chở trên xe ô tô phải thắt dây đai an toàn tại những chỗ có trang bị dây đai an toàn khi tham gia giao thông đường bộ.\n3. Khi chở trẻ em dưới 10 tuổi và chiều cao dưới 1,35 mét trên xe ô tô không được cho trẻ em ngồi cùng hàng ghế với người lái xe, trừ loại xe ô tô chỉ có một hàng ghế; người lái xe phải sử dụng, hướng dẫn sử dụng thiết bị an toàn phù hợp cho trẻ em.']","### Phân tích lỗi va chạm và mức xử phạt

**Bước 1 – Hành vi của các bên:**
- Người lái xe: Thực hiện hành vi **tránh xe** không bảo đảm an toàn dẫn đến va chạm.
- Trẻ em: **Đi bộ qua đường**.

**Bước 2 – Đối chiếu quy định và mức phạt:**

### Trường hợp 1: Người lái xe ô tô
- Hành vi: **Tránh xe** không đúng quy định gây tai nạn giao thông.
- Mức phạt: Phạt tiền từ **20.000.000 đồng** đến **22.000.000 đồng** [Điều 6, Khoản 10, Điểm a — NĐ 168/2024/NĐ-CP].

### Trường hợp 2: Người lái xe máy chuyên dùng
- Hành vi: **Tránh xe** không đúng quy định gây tai nạn giao thông.
- Mức phạt: Phạt tiền từ **14.000.000 đồng** đến **16.000.000 đồng** [Điều 8, Khoản 8, Điểm a — NĐ 168/2024/NĐ-CP].

### Trường hợp 3: Người lái xe mô tô, xe gắn máy
- Hành vi: Vi phạm quy tắc giao thông (trong đó có hành vi tránh xe) gây tai nạn giao thông.
- Mức phạt: Phạt tiền từ **10.000.000 đồng** đến **14.000.000 đồng** [Điều 7, Khoản 10, Điểm b — NĐ 168/2024/NĐ-CP].

**Bước 3 – Quy tắc giao thông liên quan:**
- Người đi bộ khi qua đường phải quan sát các xe đang đi tới, chỉ qua đường khi bảo đảm an toàn [Điều 30, Khoản 1, Điểm b — Luật 36/2024/QH15].
- Mọi người có trách nhiệm giúp đỡ trẻ em khi đi qua đường [Điều 30, Khoản 2, Điểm đ — Luật 36/2024/QH15].
- Người lái xe phải luôn quan sát, giảm tốc độ để bảo đảm an toàn [Điều 6, Khoản 10, Điểm a — NĐ 168/2024/NĐ-CP].

**Bước 4 – Kết luận và xử lý:**
- **Lỗi hỗn hợp**: Cả người lái xe (vi phạm quy tắc tránh xe an toàn) và người đi bộ (trách nhiệm quan sát khi qua đường) đều có thể có phần lỗi. Tỷ lệ lỗi cụ thể sẽ do cơ quan chức năng xác định dựa trên diễn biến thực tế tại hiện trường.
- Các bên liên quan có thể tự thỏa thuận bồi thường thiệt hại dân sự tại trụ sở cơ quan công an. Nếu không thỏa thuận được, phải lập biên bản và liên hệ Tòa án có thẩm quyền để giải quyết theo thủ tục tố tụng dân sự [Điều 18, Khoản 3 — TT 72/2024/TT-BCA].

**Lưu ý:** Đây là phân tích pháp lý dựa trên hành vi. Việc kết luận lỗi chính thức và tỷ lệ % lỗi do CSGT thực hiện theo quy trình điều tra, giải quyết tai nạn giao thông đường bộ tại Thông tư 72/2024/TT-BCA.","Hành vi tránh xe tải dẫn đến va chạm với người đi bộ (trẻ em) liên quan: (a) Vi phạm quy tắc nhường đường người đi bộ qua đường theo Điều 11 Khoản 2 Điểm e Luật 36/2024/QH15; (b) Gây tai nạn giao thông - tùy hậu quả: nếu gây thương tích/chết người, người điều khiển ô tô bị phạt 20-22 triệu, trừ 10 điểm GPLX theo Điều 6 Khoản 10 NĐ 168/2024; xe máy 10-14 triệu, trừ 10 điểm theo Điều 7 Khoản 10. Việc xác định lỗi cụ thể (tình thế cấp thiết) do CSGT điều tra theo Thông tư 72/2024/TT-BCA.",0.64,,0.99999999998,0.0
RQ-036,agentic_rag,xe ô tô vượt đèn đỏ phạt bao nhiêu,"['Văn bản: Nghị định 168/2024/NĐ-CP (Xử phạt VPHC đường bộ) | Điều 7: Xử phạt, trừ điểm giấy phép lái của người điều khiển xe mô tô, xe gắn máy, các loại xe tương tự xe mô tô và các loại xe tương tự xe gắn máy vi phạm quy tắc giao thông đường bộ\n7. **Phạt tiền từ 4.000.000 đồng đến 6.000.000 đồng** đối với người điều khiển xe thực hiện một trong các hành vi vi phạm sau đây:\nc) Không chấp hành hiệu lệnh của đèn tín hiệu giao thông', 'Văn bản: Nghị định 168/2024/NĐ-CP (Xử phạt VPHC đường bộ) | Điều 6: Xử phạt, trừ điểm giấy phép lái xe của người điều khiển xe ô tô, xe chở người bốn bánh có gắn động cơ, xe chở hàng bốn bánh có gắn động cơ và các loại xe tương tự xe ô tô vi phạm quy tắc giao thông đường bộ\n9. **Phạt tiền từ 18.000.000 đồng đến 20.000.000 đồng** đối với người điều khiển xe thực hiện một trong các hành vi vi phạm sau đây:\nb) Không chấp hành hiệu lệnh của đèn tín hiệu giao thông', 'Văn bản: Nghị định 168/2024/NĐ-CP (Xử phạt VPHC đường bộ) | Điều 6: Xử phạt, trừ điểm giấy phép lái xe của người điều khiển xe ô tô, xe chở người bốn bánh có gắn động cơ, xe chở hàng bốn bánh có gắn động cơ và các loại xe tương tự xe ô tô vi phạm quy tắc giao thông đường bộ\n15. Ngoài việc bị phạt tiền, người điều khiển xe thực hiện hành vi vi phạm còn bị áp dụng các hình thức xử phạt bổ sung sau đây:\na) Thực hiện hành vi quy định tại điểm e khoản 5 Điều này còn bị tịch thu thiết bị phát tín hiệu ưu tiên lắp đặt, sử dụng trái quy định', 'Văn bản: Nghị định 168/2024/NĐ-CP (Xử phạt VPHC đường bộ) | Điều 13: Xử phạt, trừ điểm giấy phép lái xe của người điều khiển xe ô tô (bao gồm cả rơ moóc hoặc sơ mi rơ moóc được kéo theo), xe chở người bốn bánh có gắn động cơ, xe chở hàng bốn bánh có gắn động cơ và các loại xe tương tự xe ô tô vi phạm quy định về điều kiện của phương tiện khi tham gia giao thông\n2. **Phạt tiền từ 400.000 đồng đến 600.000 đồng** đối với một trong các hành vi vi phạm sau đây:\na) Điều khiển xe không có đủ đèn chiếu sáng, đèn soi biển số, đèn báo hãm, đèn tín hiệu, cần gạt nước, gương chiếu hậu, dây đai an toàn, dụng cụ thoát hiểm, thiết bị chữa cháy, đồng hồ báo áp lực hơi, đồng hồ báo tốc độ của xe hoặc có những thiết bị đó nhưng không có tác dụng, không đúng tiêu chuẩn thiết kế\n(đối với loại xe được quy định phải có những thiết bị đó), trừ các hành vi vi phạm quy định tại điểm h khoản 3 Điều 20, điểm đ khoản 4 Điều 26 của Nghị định này', 'Văn bản: Nghị định 168/2024/NĐ-CP (Xử phạt VPHC đường bộ) | Điều 7: Xử phạt, trừ điểm giấy phép lái của người điều khiển xe mô tô, xe gắn máy, các loại xe tương tự xe mô tô và các loại xe tương tự xe gắn máy vi phạm quy tắc giao thông đường bộ\n12. Ngoài việc bị áp dụng hình thức xử phạt chính, người điều khiển xe thực hiện hành vi vi phạm còn bị áp dụng các hình thức xử phạt bổ sung sau đây:\na) Thực hiện hành vi quy định tại điểm đ khoản 2 Điều này còn bị tịch thu thiết bị phát tín hiệu ưu tiên lắp đặt, sử dụng trái quy định']","### Trường hợp 1: Xe ô tô không chấp hành hiệu lệnh của đèn tín hiệu giao thông
- Hành vi: Không chấp hành hiệu lệnh của đèn tín hiệu giao thông.
- Mức phạt tiền: Từ **18.000.000 đồng** đến **20.000.000 đồng** [Điều 6, Khoản 9, Điểm b — NĐ 168/2024/NĐ-CP].
- Trừ điểm giấy phép lái xe: Bị trừ **04 điểm** [Điều 6, Khoản 16, Điểm b — NĐ 168/2024/NĐ-CP].",Người điều khiển xe ô tô và các loại xe tương tự xe ô tô vượt đèn đỏ (không chấp hành hiệu lệnh của đèn tín hiệu giao thông) bị phạt 18-20 triệu đồng và trừ 4 điểm GPLX theo Điều 6 Khoản 9 Điểm b và Điều 6 Khoản 16 Điểm b Nghị định 168/2024/NĐ-CP.,0.6666666666666666,,0.94999999997625,0.3333333333333333
RQ-037,agentic_rag,xe tải chở quá tải bị phạt thế nào,"['Văn bản: Nghị định 168/2024/NĐ-CP (Xử phạt VPHC đường bộ) | Điều 34: Xử phạt, trừ điểm giấy phép lái xe của người điều khiển quá khổ giới hạn, xe quá tải trọng, xe bánh xích lưu hành đường bộ (kể cả xe ô tô chở hành khách)\n5. **Phạt tiền từ 40.000.000 đồng đến 50.000.000 đồng** đối với một trong các hành vi vi phạm sau đây:\na) Điều khiển xe mà tổng trọng lượng (khối lượng toàn bô)̣ của xe hoặc tải trọng trục xe (bao gồm cả hàng hóa xếp trên xe, người được chở trên xe) vượt quá tải trọng cho phép của đường bộ trên 50%, trừ trường hợp có giấy phép lưu hành còn giá trị sử dụng', 'Văn bản: Nghị định 168/2024/NĐ-CP (Xử phạt VPHC đường bộ) | Điều 34: Xử phạt, trừ điểm giấy phép lái xe của người điều khiển quá khổ giới hạn, xe quá tải trọng, xe bánh xích lưu hành đường bộ (kể cả xe ô tô chở hành khách)\n4. **Phạt tiền từ 13.000.000 đồng đến 15.000.000 đồng** đối với một trong các hành vi vi phạm sau đây:\na) Điều khiển xe mà tổng trọng lượng (khối lượng toàn bô)̣ của xe hoặc tải trọng trục xe (bao gồm cả hàng hóa xếp trên xe, người được chở trên xe) vượt quá tải trọng cho phép của đường bộ trên 20% đến\n50%, trừ trường hợp có giấy phép lưu hành còn giá trị sử dụng', 'Văn bản: Nghị định 168/2024/NĐ-CP (Xử phạt VPHC đường bộ) | Điều 34: Xử phạt, trừ điểm giấy phép lái xe của người điều khiển quá khổ giới hạn, xe quá tải trọng, xe bánh xích lưu hành đường bộ (kể cả xe ô tô chở hành khách)\n5. **Phạt tiền từ 40.000.000 đồng đến 50.000.000 đồng** đối với một trong các hành vi vi phạm sau đây:\nb) Không chấp hành yêu cầu kiểm tra về trọng tải, tải trọng, khổ giới hạn xe, vận chuyển hàng siêu trường, siêu trọng của người thi hành công vụ; chuyển tải hoặc dùng các thủ đoạn khác để trốn tránh việc phát hiện xe chở quá tải, quá khổ.', 'Văn bản: Nghị định 168/2024/NĐ-CP (Xử phạt VPHC đường bộ) | Điều 34: Xử phạt, trừ điểm giấy phép lái xe của người điều khiển quá khổ giới hạn, xe quá tải trọng, xe bánh xích lưu hành đường bộ (kể cả xe ô tô chở hành khách)\n3. **Phạt tiền từ 8.000.000 đồng đến 10.000.000 đồng** đối với một trong các hành vi vi phạm sau đây:\na) Chở hàng vượt khổ giới hạn của xe hoặc của đường bộ ghi trong giấy phép lưu hành', 'Văn bản: Nghị định 168/2024/NĐ-CP (Xử phạt VPHC đường bộ) | Điều 34: Xử phạt, trừ điểm giấy phép lái xe của người điều khiển quá khổ giới hạn, xe quá tải trọng, xe bánh xích lưu hành đường bộ (kể cả xe ô tô chở hành khách)\n3. **Phạt tiền từ 8.000.000 đồng đến 10.000.000 đồng** đối với một trong các hành vi vi phạm sau đây:\nc) Điều khiển xe có kích thước bao ngoài vượt quá khổ giới hạn của đường bộ hoặc chở hàng vượt khổ giới hạn của đường bộ hoặc chở hàng vượt quá kích thước giới hạn xếp hàng hóa của xe tham gia giao thông, trừ trường hợp có giấy phép lưu hành còn giá trị sử dụng']","Câu hỏi của bạn liên quan đến các mức xử phạt đối với hành vi điều khiển xe ô tô chở hàng quá trọng tải cho phép theo Nghị định 168/2024/NĐ-CP. Dưới đây là các trường hợp cụ thể:

### Trường hợp 1: Quá tải trọng trên 10% đến 20%
- Hành vi: Điều khiển xe mà tổng trọng lượng của xe vượt quá tải trọng cho phép của đường bộ trên **10% đến 20%** (trừ trường hợp có giấy phép lưu hành còn giá trị sử dụng).
- Mức phạt: Phạt tiền từ **4.000.000 đồng** đến **6.000.000 đồng** [Điều 34, Khoản 2 — NĐ 168/2024/NĐ-CP].

### Trường hợp 2: Quá tải trọng trên 20% đến 50%
- Hành vi: Điều khiển xe mà tổng trọng lượng của xe hoặc tải trọng trục xe vượt quá tải trọng cho phép của đường bộ trên **20% đến 50%** (trừ trường hợp có giấy phép lưu hành còn giá trị sử dụng).
- Mức phạt: Phạt tiền từ **13.000.000 đồng** đến **15.000.000 đồng** + trừ **02 điểm** GPLX [Điều 34, Khoản 4, Điểm a — NĐ 168/2024/NĐ-CP] [Điều 34, Khoản 7, Điểm a — NĐ 168/2024/NĐ-CP].

### Trường hợp 3: Quá tải trọng trên 50%
- Hành vi: Điều khiển xe mà tổng trọng lượng của xe hoặc tải trọng trục xe vượt quá tải trọng cho phép của đường bộ trên **50%** (trừ trường hợp có giấy phép lưu hành còn giá trị sử dụng).
- Mức phạt: Phạt tiền từ **40.000.000 đồng** đến **50.000.000 đồng** + trừ **04 điểm** GPLX [Điều 34, Khoản 5, Điểm a — NĐ 168/2024/NĐ-CP] [Điều 34, Khoản 7, Điểm c — NĐ 168/2024/NĐ-CP].

### Trường hợp 4: Vi phạm giấy phép lưu hành
- Hành vi: Điều khiển xe có giấy phép lưu hành còn giá trị sử dụng nhưng tổng trọng lượng của xe hoặc tải trọng trục xe vượt quá quy định trong giấy phép lưu hành.
- Mức phạt: Phạt tiền từ **13.000.000 đồng** đến **15.000.000 đồng** + trừ **03 điểm** GPLX [Điều 34, Khoản 4, Điểm b — NĐ 168/2024/NĐ-CP] [Điều 34, Khoản 7, Điểm b — NĐ 168/2024/NĐ-CP].

**Lưu ý bổ sung:**
- Nếu hành vi vi phạm gây hư hại cầu, đường, người điều khiển còn bị áp dụng biện pháp khắc phục hậu quả buộc khôi phục lại tình trạng ban đầu [Điều 34, Khoản 6 — NĐ 168/2024/NĐ-CP].
- Trong trường hợp vừa vi phạm về tổng trọng lượng, vừa vi phạm về tải trọng trục xe (đối với các hành vi tại điểm a khoản 4 và điểm a khoản 5 Điều 34), người vi phạm sẽ bị xử phạt theo quy định của hành vi có mức phạt tiền cao hơn [Điều 47, Khoản 4 — NĐ 168/2024/NĐ-CP].","Xe tải chở hàng vượt trọng tải cho phép bị phạt theo Điều 23 NĐ 168/2024/NĐ-CP với các mức: vượt 10-30% phạt 1-2 triệu (Khoản 1), vượt 30-50% phạt 3-5 triệu (Khoản 2), vượt 50-100% phạt 5-7 triệu (Khoản 3), vượt 100-150% phạt 7-8 triệu (Khoản 4), vượt trên 150% phạt 8-12 triệu và trừ 10 điểm GPLX (Khoản 5).",0.64,,0.99999999998,0.0
RQ-038,agentic_rag,xe máy chuyên dùng đi vào làn cao tốc bị phạt gì,"['Văn bản: Nghị định 168/2024/NĐ-CP (Xử phạt VPHC đường bộ) | Điều 8: Xử phạt người điều khiển xe máy chuyên dùng vi phạm quy tắc giao thông đường bộ\n8. **Phạt tiền từ 14.000.000 đồng đến 16.000.000 đồng** đối với người điều khiển xe thực hiện một trong các hành vi vi phạm sau đây:\nb) Điều khiển xe máy chuyên dùng có tốc độ thiết kế nhỏ hơn tốc độ tối thiểu quy định đối với đường cao tốc đi vào đường cao tốc, trừ phương tiện, thiết bị phục vụ việc quản lý, bảo trì đường cao tốc', 'Văn bản: Nghị định 168/2024/NĐ-CP (Xử phạt VPHC đường bộ) | Điều 8: Xử phạt người điều khiển xe máy chuyên dùng vi phạm quy tắc giao thông đường bộ\n6. **Phạt tiền từ 3.000.000 đồng đến 5.000.000 đồng** đối với người điều khiển xe thực hiện một trong các hành vi vi phạm sau đây:\ne) Không tuân thủ các quy định khi vào hoặc ra đường cao tốc; điều khiển xe chạy ở làn dừng xe khẩn cấp hoặc phần lề đường của đường cao tốc; không tuân thủ quy định về khoảng cách an toàn đối với xe chạy liền trước khi chạy trên đường cao tốc', 'Văn bản: Nghị định 168/2024/NĐ-CP (Xử phạt VPHC đường bộ) | Điều 8: Xử phạt người điều khiển xe máy chuyên dùng vi phạm quy tắc giao thông đường bộ\n9. **Phạt tiền từ 18.000.000 đồng đến 20.000.000 đồng** đối với người điều khiển xe thực hiện một trong các hành vi vi phạm sau đây:\nđ) Lùi xe trên đường cao tốc; đi ngược chiều trên đường cao tốc; quay đầu xe trên đường cao tốc', 'Văn bản: Nghị định 168/2024/NĐ-CP (Xử phạt VPHC đường bộ) | Điều 8: Xử phạt người điều khiển xe máy chuyên dùng vi phạm quy tắc giao thông đường bộ\n8. **Phạt tiền từ 14.000.000 đồng đến 16.000.000 đồng** đối với người điều khiển xe thực hiện một trong các hành vi vi phạm sau đây:\na) Điều khiển xe không quan sát, giảm tốc độ hoặc dừng lại để bảo đảm an toàn theo quy định mà gây tai nạn giao thông; điều khiển xe chạy quá tốc độ quy định gây tai nạn giao thông; dừng xe, đỗ xe, quay đầu xe, lùi xe, tránh xe, vượt xe, chuyển hướng, chuyển làn đường không đúng quy định gây tai nạn giao thông; mở cửa xe, để cửa xe mở không bảo đảm an toàn gây tai nạn giao thông; không đi đúng phần đường, làn đường, không giữ khoảng cách an toàn giữa hai xe theo quy định gây tai nạn giao thông hoặc đi vào đường có biển báo hiệu có nội dung cấm đi vào đối với loại phương tiện đang điều khiển, đi ngược chiều của đường một chiều, đi ngược chiều trên đường có biển “Cấm đi ngược chiều” gây tai nạn giao thông, trừ các hành vi vi phạm quy định tại điểm b khoản 8, điểm đ khoản 9 Điều này', 'Văn bản: Nghị định 168/2024/NĐ-CP (Xử phạt VPHC đường bộ) | Điều 8: Xử phạt người điều khiển xe máy chuyên dùng vi phạm quy tắc giao thông đường bộ\n6. **Phạt tiền từ 3.000.000 đồng đến 5.000.000 đồng** đối với người điều khiển xe thực hiện một trong các hành vi vi phạm sau đây:\nh) Chuyển làn đường không đúng nơi cho phép hoặc không có tín hiệu báo trước khi chạy trên đường cao tốc hoặc chuyển làn đường không đúng quy định “mỗi lần chuyển làn đường chỉ được phép chuyển sang một làn đường liền kề”']","Câu hỏi của bạn liên quan đến các hành vi vi phạm quy định khi điều khiển xe máy chuyên dùng trên đường cao tốc theo Nghị định 168/2024/NĐ-CP. Dưới đây là các trường hợp xử phạt cụ thể:

### Trường hợp 1: Điều khiển xe có tốc độ thiết kế nhỏ hơn tốc độ tối thiểu đi vào đường cao tốc
- Hành vi: Điều khiển xe máy chuyên dùng có tốc độ thiết kế nhỏ hơn tốc độ tối thiểu quy định đối với đường cao tốc đi vào đường cao tốc (trừ phương tiện, thiết bị phục vụ việc quản lý, bảo trì đường cao tốc): Phạt tiền từ **14.000.000 đồng** đến **16.000.000 đồng** [Điều 8, Khoản 8, Điểm b — NĐ 168/2024/NĐ-CP].

### Trường hợp 2: Vi phạm quy tắc giao thông khi lưu thông trên đường cao tốc
- Hành vi: Không tuân thủ các quy định khi vào hoặc ra đường cao tốc; điều khiển xe chạy ở làn dừng xe khẩn cấp hoặc phần lề đường của đường cao tốc; không tuân thủ quy định về khoảng cách an toàn đối với xe chạy liền trước khi chạy trên đường cao tốc: Phạt tiền từ **3.000.000 đồng** đến **5.000.000 đồng** [Điều 8, Khoản 6, Điểm e — NĐ 168/2024/NĐ-CP].

### Trường hợp 3: Chuyển làn đường không đúng quy định trên đường cao tốc
- Hành vi: Chuyển làn đường không đúng nơi cho phép hoặc không có tín hiệu báo trước khi chạy trên đường cao tốc hoặc chuyển làn đường không đúng quy định (“mỗi lần chuyển làn đường chỉ được phép chuyển sang một làn đường liền kề”): Phạt tiền từ **3.000.000 đồng** đến **5.000.000 đồng** [Điều 8, Khoản 6, Điểm h — NĐ 168/2024/NĐ-CP].

### Trường hợp 4: Dừng, đỗ xe không đúng quy định trên đường cao tốc
- Hành vi: Dừng xe, đỗ xe trên đường cao tốc không đúng nơi quy định; không có báo hiệu bằng đèn khẩn cấp khi gặp sự cố kỹ thuật hoặc bất khả kháng khác buộc phải dừng xe, đỗ xe ở làn dừng xe khẩn cấp; không có báo hiệu bằng đèn khẩn cấp, không đặt biển cảnh báo “Chú ý xe đỗ” về phía sau xe khoảng cách tối thiểu 150 mét khi gặp sự cố kỹ thuật buộc phải dừng xe trên làn đường xe chạy: Phạt tiền từ **3.000.000 đồng** đến **5.000.000 đồng** [Điều 8, Khoản 6, Điểm b — NĐ 168/2024/NĐ-CP].

### Trường hợp 5: Các hành vi nguy hiểm đặc biệt trên đường cao tốc
- Hành vi: Lùi xe trên đường cao tốc; đi ngược chiều trên đường cao tốc; quay đầu xe trên đường cao tốc: Phạt tiền từ **18.000.000 đồng** đến **20.000.000 đồng** [Điều 8, Khoản 9, Điểm đ — NĐ 168/2024/NĐ-CP].","Người điều khiển xe máy chuyên dùng đi vào đường cao tốc trái quy định bị phạt 8-10 triệu đồng theo Điều 8 Khoản 6 Điểm a Nghị định 168/2024/NĐ-CP. Riêng xe máy chuyên dùng có dấu hiệu vi phạm về tốc độ, làn đường, biển báo trên cao tốc còn áp dụng các điều khoản tương ứng tại Điều 8.",1.0,,0.99999999998,0.5
RQ-039,agentic_rag,xe đạp đi không đúng phần đường bị phạt bao nhiêu,"['Văn bản: Nghị định 168/2024/NĐ-CP (Xử phạt VPHC đường bộ) | Điều 9: Xử phạt người điều khiển xe đạp, xe đạp máy, người điều khiển xe thô sơ khác vi phạm quy tắc giao thông đường bộ\n1. **Phạt tiền từ 100.000 đồng đến 200.000 đồng** đối với người điều khiển xe thực hiện một trong các hành vi vi phạm sau đây:\na) Không đi bên phải theo chiều đi của mình, đi không đúng phần đường quy định', 'Văn bản: Nghị định 168/2024/NĐ-CP (Xử phạt VPHC đường bộ) | Điều 9: Xử phạt người điều khiển xe đạp, xe đạp máy, người điều khiển xe thô sơ khác vi phạm quy tắc giao thông đường bộ\n1. **Phạt tiền từ 100.000 đồng đến 200.000 đồng** đối với người điều khiển xe thực hiện một trong các hành vi vi phạm sau đây:\ne) Chạy trong hầm đường bộ không bật đèn hoặc không có vật phát sáng báo hiệu; dừng xe, đỗ xe trong hầm đường bộ không đúng nơi quy định; quay đầu xe trong hầm đường bộ', 'Văn bản: Nghị định 168/2024/NĐ-CP (Xử phạt VPHC đường bộ) | Điều 9: Xử phạt người điều khiển xe đạp, xe đạp máy, người điều khiển xe thô sơ khác vi phạm quy tắc giao thông đường bộ\n1. **Phạt tiền từ 100.000 đồng đến 200.000 đồng** đối với người điều khiển xe thực hiện một trong các hành vi vi phạm sau đây:\nl) Không tuân thủ các quy định về dừng xe, đỗ xe tại nơi đường bộ giao nhau cùng mức với đường sắt', 'Văn bản: Nghị định 168/2024/NĐ-CP (Xử phạt VPHC đường bộ) | Điều 9: Xử phạt người điều khiển xe đạp, xe đạp máy, người điều khiển xe thô sơ khác vi phạm quy tắc giao thông đường bộ\n## Điều 9. Xử phạt người điều khiển xe đạp, xe đạp máy, người điều khiển xe thô sơ khác vi phạm quy tắc giao thông đường bộ', 'Văn bản: Nghị định 168/2024/NĐ-CP (Xử phạt VPHC đường bộ) | Điều 9: Xử phạt người điều khiển xe đạp, xe đạp máy, người điều khiển xe thô sơ khác vi phạm quy tắc giao thông đường bộ\n4. **Phạt tiền từ 400.000 đồng đến 600.000 đồng** đối với người điều khiển xe thực hiện một trong các hành vi vi phạm sau đây:\nd) Người điều khiển xe đạp máy không đội “mũ bảo hiểm cho người đi mô tô, xe máy” hoặc đội “mũ bảo hiểm cho người đi mô tô, xe máy” không cài quai đúng quy cách khi tham gia giao thông trên đường bộ']","### Trường hợp 1: Hành vi không đi bên phải theo chiều đi của mình
- Người điều khiển xe đạp, xe đạp máy, xe thô sơ khác đi không đúng phần đường quy định hoặc không đi bên phải theo chiều đi của mình: Phạt tiền từ **100.000 đồng** đến **200.000 đồng** [Điều 9, Khoản 1, Điểm a — Nghị định 168/2024/NĐ-CP].","Người điều khiển xe đạp, xe đạp máy, xe thô sơ đi không đúng phần đường, làn đường quy định bị phạt 100.000-200.000 đồng theo Điều 9 Khoản 1 Điểm c Nghị định 168/2024/NĐ-CP.",1.0,,0.99999999998,1.0
RQ-040,agentic_rag,em chạy xe máy mà có nồng độ cồn 0.4 thì bị phạt bao nhiêu,"['Văn bản: Nghị định 168/2024/NĐ-CP (Xử phạt VPHC đường bộ) | Điều 8: Xử phạt người điều khiển xe máy chuyên dùng vi phạm quy tắc giao thông đường bộ\n7. **Phạt tiền từ 6.000.000 đồng đến 8.000.000 đồng** đối với người điều khiển xe thực hiện một trong các hành vi vi phạm sau đây:\na) Điều khiển xe trên đường mà trong máu hoặc hơi thở có nồng độ cồn vượt quá 50 miligam đến 80\nmiligam/100 mililít máu hoặc vượt quá 0,25 miligam đến 0,4 miligam/1 lít khí thở', 'Văn bản: Nghị định 168/2024/NĐ-CP (Xử phạt VPHC đường bộ) | Điều 7: Xử phạt, trừ điểm giấy phép lái của người điều khiển xe mô tô, xe gắn máy, các loại xe tương tự xe mô tô và các loại xe tương tự xe gắn máy vi phạm quy tắc giao thông đường bộ\n8. **Phạt tiền từ 6.000.000 đồng đến 8.000.000 đồng** đối với người điều khiển xe thực hiện một trong các hành vi vi phạm sau đây:\nb) Điều khiển xe trên đường mà trong máu hoặc hơi thở có nồng độ cồn vượt quá 50 miligam đến 80\nmiligam/100 mililít máu hoặc vượt quá 0,25 miligam đến 0,4 miligam/1 lít khí thở.', 'Văn bản: Nghị định 168/2024/NĐ-CP (Xử phạt VPHC đường bộ) | Điều 8: Xử phạt người điều khiển xe máy chuyên dùng vi phạm quy tắc giao thông đường bộ\n9. **Phạt tiền từ 18.000.000 đồng đến 20.000.000 đồng** đối với người điều khiển xe thực hiện một trong các hành vi vi phạm sau đây:\na) Điều khiển xe trên đường mà trong máu hoặc hơi thở có nồng độ cồn vượt quá 80 miligam/100 mililít máu hoặc vượt quá 0,4 miligam/1 lít khí thở', 'Văn bản: Nghị định 168/2024/NĐ-CP (Xử phạt VPHC đường bộ) | Điều 7: Xử phạt, trừ điểm giấy phép lái của người điều khiển xe mô tô, xe gắn máy, các loại xe tương tự xe mô tô và các loại xe tương tự xe gắn máy vi phạm quy tắc giao thông đường bộ\n9. **Phạt tiền từ 8.000.000 đồng đến 10.000.000 đồng** đối với người điều khiển xe thực hiện một trong các hành vi vi phạm sau đây:\nd) Điều khiển xe trên đường mà trong máu hoặc hơi thở có nồng độ cồn vượt quá 80 miligam/100 mililít máu hoặc vượt quá 0,4 miligam/1 lít khí thở', 'Văn bản: Nghị định 168/2024/NĐ-CP (Xử phạt VPHC đường bộ) | Điều 8: Xử phạt người điều khiển xe máy chuyên dùng vi phạm quy tắc giao thông đường bộ\n6. **Phạt tiền từ 3.000.000 đồng đến 5.000.000 đồng** đối với người điều khiển xe thực hiện một trong các hành vi vi phạm sau đây:\nc) Điều khiển xe trên đường mà trong máu hoặc hơi thở có nồng độ cồn nhưng chưa vượt quá 50\nmiligam/100 mililít máu hoặc chưa vượt quá 0,25 miligam/1 lít khí thở']","### Trường hợp 1: Người điều khiển xe mô tô, xe gắn máy
- Hành vi: Điều khiển xe trên đường mà trong máu hoặc hơi thở có nồng độ cồn vượt quá **0,4 miligam/1 lít khí thở**: Phạt tiền từ **8.000.000 đồng** đến **10.000.000 đồng** [Điều 7, Khoản 9, Điểm d — NĐ 168/2024/NĐ-CP].
- Hình thức xử phạt bổ sung: **Tước quyền sử dụng giấy phép lái xe từ 22 tháng đến 24 tháng** [Điều 7, Khoản 12, Điểm c — NĐ 168/2024/NĐ-CP].
- Trừ điểm giấy phép lái xe: **10 điểm** [Điều 7, Khoản 13, Điểm d — NĐ 168/2024/NĐ-CP].

### Trường hợp 2: Người điều khiển xe máy chuyên dùng
- Hành vi: Điều khiển xe trên đường mà trong máu hoặc hơi thở có nồng độ cồn vượt quá **0,4 miligam/1 lít khí thở**: Phạt tiền từ **18.000.000 đồng** đến **20.000.000 đồng** [Điều 8, Khoản 9, Điểm a — NĐ 168/2024/NĐ-CP].","Người điều khiển xe mô tô, xe gắn máy có nồng độ cồn vượt quá 0,4 miligam/1 lít khí thở (mức cao nhất) bị phạt 8-10 triệu đồng, tước GPLX 22-24 tháng và trừ 12 điểm GPLX theo Điều 7 Khoản 11 Điểm b Nghị định 168/2024/NĐ-CP.",0.25,,0.99999999998,0.5
